"","fish_id","casette_number","collection_date","RegionCode","Subregion","Stratum","Phase","StationCode","LatitudeStart","LongitudeStart","SampleDate","SpecialStudyID","NetSize","TowNumber","TowSchedule","TowDuration","Volume","Secchi","MarkCode","ForkLength"
"1","E1","17ST4 - 1",2017-08-10,"North","Cache Slough and Liberty Island","Cache Slough LI","2017_3","18-02-CS01",38.33263,-121.64747,2017-08-10,"E1",NA,2,NA,5,1972.05038184,0.5,"None",45
"2","E10","17ST4 - 10",2017-09-18,"West","Lower Sacramento River","Lower Sacramento","2017_3","18-08-LSR01",38.06795,-121.85263,2017-09-18,"E10",NA,1,NA,5,1998.67238802,0.579999983310699,"None",56
"3","E11","17ST4 - 11",2017-09-18,"West","Lower Sacramento River","Lower Sacramento","2017_3","18-08-LSR01",38.06795,-121.85263,2017-09-18,"E11",NA,1,NA,5,1998.67238802,0.579999983310699,"None",49
"4","E12","17ST4 - 12",2017-09-18,"West","Lower Sacramento River","Lower Sacramento","2017_3","18-08-LSR01",38.06774,-121.85245,2017-09-18,"E12",NA,2,NA,5,2335.3228206,0.560000002384186,"None",55
"5","E13","17ST4 - 13",2017-09-18,"West","Lower Sacramento River","Lower Sacramento","2017_3","18-08-LSR01",38.06774,-121.85245,2017-09-18,"E13",NA,2,NA,5,2335.3228206,0.560000002384186,"None",56
"6","E14","17ST4 - 14",2017-09-18,"West","Lower Sacramento River","Lower Sacramento","2017_3","18-08-LSR01",38.06774,-121.85245,2017-09-18,"E14",NA,2,NA,5,2335.3228206,0.560000002384186,"None",54
"7","E15","17ST4 - 15",2017-09-18,"West","Lower Sacramento River","Lower Sacramento","2017_3","18-08-LSR01",38.06774,-121.85245,2017-09-18,"E15",NA,2,NA,5,2335.3228206,0.560000002384186,"None",47
"8","E151","17ST4 - 61",2017-08-10,"West","Mid Suisun Bay","Suisun Bay/Marsh","2017_3","18-02-SBM02",38.06603,-122.04357,2017-08-10,"E151",NA,3,NA,5,2041.46979036,0.400000005960464,"None",60
"9","E152","17ST4 - 62",2017-08-11,"West","Mid Suisun Bay","Suisun Bay/Marsh","2017_3","18-02-SBM04",38.06836,-121.96778,2017-08-11,"E152",NA,2,NA,5,2474.83561248,0.469999998807907,"None",40
"10","E153","17ST4 - 63",2017-08-11,"West","Mid Suisun Bay","Suisun Bay/Marsh","2017_3","18-02-SBM04",38.06836,-121.96778,2017-08-11,"E153",NA,2,NA,5,2474.83561248,0.469999998807907,"None",64
"11","E154","17ST4 - 64",2017-08-16,"West","Suisun Marsh","Suisun Bay/Marsh","2017_3","18-03-SM02",38.13345,-122.05863,2017-08-16,"E154",NA,1,NA,5,1880.05281618,0.319999992847443,"None",50
"12","E155","17ST4 - 65",2017-08-16,"West","Suisun Marsh","Suisun Bay/Marsh","2017_3","18-03-SM02",38.13345,-122.05863,2017-08-16,"E155",NA,1,NA,5,1880.05281618,0.319999992847443,"None",45
"13","E156","17ST4 - 66",2017-08-16,"West","Suisun Marsh","Suisun Bay/Marsh","2017_3","18-03-SM02",38.13332,-122.05877,2017-08-16,"E156",NA,2,NA,5,1848.3759987,0.310000002384186,"None",49
"14","E157","17ST4 - 67",2017-08-16,"West","Honker Bay","Suisun Bay/Marsh","2017_3","18-03-HB01",38.04787,-121.88599,2017-08-16,"E157",NA,4,NA,5,2108.53028694,0.639999985694885,"None",52
"15","E158","17ST4 - 68",2017-08-22,"West","Mid Suisun Bay","Suisun Bay/Marsh","2017_3","18-04-SBM05",38.08259,-122.04039,2017-08-22,"E158",NA,1,NA,5,2540.8851468,0.259999990463257,"None",45
"16","E159","17ST4 - 69",2017-08-22,"West","Mid Suisun Bay","Suisun Bay/Marsh","2017_3","18-04-SBM05",38.08259,-122.04039,2017-08-22,"E159",NA,1,NA,5,2540.8851468,0.259999990463257,"None",54
"17","E16","17ST4 - 16",2017-09-18,"West","Lower Sacramento River","Lower Sacramento","2017_3","18-08-LSR01",38.06774,-121.85245,2017-09-18,"E16",NA,2,NA,5,2335.3228206,0.560000002384186,"None",49
"18","E160","17ST4 - 70",2017-08-22,"West","Mid Suisun Bay","Suisun Bay/Marsh","2017_3","18-04-SBM05",38.08259,-122.04039,2017-08-22,"E160",NA,1,NA,5,2540.8851468,0.259999990463257,"None",50
"19","E161","17ST4 - 71",2017-08-22,"West","Mid Suisun Bay","Suisun Bay/Marsh","2017_3","18-04-SBM05",38.08259,-122.04039,2017-08-22,"E161",NA,1,NA,5,2540.8851468,0.259999990463257,"None",58
"20","E162","17ST4 - 72",2017-08-22,"West","Mid Suisun Bay","Suisun Bay/Marsh","2017_3","18-04-SBM05",38.08249,-122.04176,2017-08-22,"E162",NA,2,NA,3,1621.92045246,0.25,"None",58
"21","E163","17ST4 - 73",2017-08-22,"West","Mid Suisun Bay","Suisun Bay/Marsh","2017_3","18-04-SBM02",38.11064,-122.05485,2017-08-22,"E163",NA,1,NA,5,1991.25866478,0.300000011920929,"None",46
"22","E164","17ST4 - 74",2017-08-22,"West","Lower San Joaquin","Lower San Joaquin","2017_3","18-04-LSJ03",38.05,-121.84295,2017-08-23,"E164",NA,1,NA,5,2943.5851137,0.259999990463257,"None",45
"23","E165","17ST4 - 75",2017-08-22,"West","Mid Suisun Bay","Suisun Bay/Marsh","2017_3","18-05-SBM02",38.06593,-122.0193,2017-08-30,"E165",NA,1,NA,5,2004.40117416,0.409999996423721,"None",53
"24","E166","17ST4 - 76",2017-09-07,"West","Mid Suisun Bay","Suisun Bay/Marsh","2017_3","18-06-SBM01",38.06343,-122.00608,2017-09-07,"E166",NA,3,NA,5,2267.9253366,0.430000007152557,"None",49
"25","E167","17ST4 - 77",2017-09-07,"West","Mid Suisun Bay","Suisun Bay/Marsh","2017_3","18-06-SBM02",38.09897,-122.06764,2017-09-07,"E167",NA,4,NA,5,1542.05443392,0.28999999165535,"None",47
"26","E168","17ST4 - 78",2017-09-11,"West","Mid Suisun Bay","Suisun Bay/Marsh","2017_3","18-07-SBM01",38.05986,-122.04905,2017-09-11,"E168",NA,2,NA,5,1865.89934454,0.490000009536743,"None",53
"27","E169","17ST4 - 79",2017-09-11,"West","Mid Suisun Bay","Suisun Bay/Marsh","2017_3","18-07-SBM02",38.0954,-122.05762,2017-09-11,"E169",NA,2,NA,5,1730.09341428,0.439999997615814,"None",47
"28","E17","17ST4 - 17",2017-09-18,"West","Lower Sacramento River","Lower Sacramento","2017_3","18-08-LSR01",38.06774,-121.85245,2017-09-18,"E17",NA,2,NA,5,2335.3228206,0.560000002384186,"None",47
"29","E170","17ST4 - 80",2017-09-12,"West","Honker Bay","Suisun Bay/Marsh","2017_3","18-07-HB01",38.05575,-121.95713,2017-09-12,"E170",NA,3,NA,5,2535.15636066,0.639999985694885,"None",47
"30","E171","17ST4 - 81",2017-09-12,"West","Mid Suisun Bay","Suisun Bay/Marsh","2017_3","18-07-SBM03",38.07182,-122.01657,2017-09-12,"E171",NA,1,NA,5,2105.16041274,0.46000000834465,"None",51
"31","E172","17ST4 - 82",2017-09-20,"West","Suisun Marsh","Suisun Bay/Marsh","2017_3","18-08-SM01",38.16665,-122.04294,2017-09-20,"E172",NA,3,NA,5,2069.1027588,0.319999992847443,"None",58
"32","E173","17ST4 - 83",2017-09-20,"West","Mid Suisun Bay","Suisun Bay/Marsh","2017_3","18-08-SBM01",38.09716,-122.05571,2017-09-20,"E173",NA,3,NA,5,2623.4470647,0.319999992847443,"None",48
"33","E174","17ST4 - 84",2017-09-27,"West","Mid Suisun Bay","Suisun Bay/Marsh","2017_3","18-09-SBM01",38.07179,-121.98429,2017-09-27,"E174",NA,4,NA,5,2193.7881042,0.5,"None",60
"34","E175","17ST4 - 85",2017-09-29,"West","Mid Suisun Bay","Suisun Bay/Marsh","2017_3","18-09-SBM02",38.06076,-121.99764,2017-09-29,"E175",NA,4,NA,5,1344.24281838,0.819999992847443,"None",58
"35","E176","17ST4 - 86",2017-10-10,"West","Suisun Marsh","Suisun Bay/Marsh","2017_3","18-11-SM01",38.17229,-121.96269,2017-10-10,"E176",NA,3,NA,5,1925.8831053,0.28999999165535,"None",54
"36","E177","17ST4 - 87",2017-10-17,"West","Suisun Marsh","Suisun Bay/Marsh","2017_3","18-12-SM01",38.17888,-122.00564,2017-10-17,"E177",NA,4,NA,5,1976.4312183,0.349999994039536,"None",45
"37","E178",NA,2017-10-25,"West","Honker Bay","Suisun Bay/Marsh","2017_3","18-13-HB01",38.04918,-121.90007,2017-10-25,"E178",NA,3,NA,5,1725.3755904,0.569999992847443,"None",51
"38","E179",NA,2017-10-30,"West","Suisun Marsh","Suisun Bay/Marsh","2017_3","18-14-SM01",38.17471,-121.94838,2017-10-30,"E179",NA,4,NA,5,2158.06743768,0.449999988079071,"None",52
"39","E18","17ST4 - 18",2017-09-18,"West","Lower Sacramento River","Lower Sacramento","2017_3","18-08-LSR01",38.06774,-121.85245,2017-09-18,"E18",NA,2,NA,5,2335.3228206,0.560000002384186,"None",57
"40","E180",NA,2017-11-27,"West","Suisun Marsh","Suisun Bay/Marsh","2017_3","18-18-SM01",38.18622,-121.97034,2017-11-27,"E180",NA,3,NA,5,1812.65533218,0.319999992847443,"None",56
"41","E181",NA,2017-11-27,"West","Suisun Marsh","Suisun Bay/Marsh","2017_3","18-18-SM01",38.18622,-121.97034,2017-11-27,"E181",NA,NA,NA,NA,NA,NA,"None",69
"42","E182",NA,2017-11-28,"West","Mid Suisun Bay","Suisun Bay/Marsh","2017_3","18-18-SBM02",38.08188,-121.99543,2017-11-28,"E182",NA,3,NA,5,2430.01628562,0.639999985694885,"None",55
"43","E183",NA,2017-11-28,"West","Honker Bay","Suisun Bay/Marsh","2017_3","18-18-HB01",38.04472,-121.91732,2017-11-28,"E183",NA,3,NA,5,2233.88960718,0.529999971389771,"None",53
"44","E19","17ST4 - 19",2017-09-18,"West","Lower Sacramento River","Lower Sacramento","2017_3","18-08-LSR01",38.06774,-121.85245,2017-09-18,"E19",NA,2,NA,5,2335.3228206,0.560000002384186,"None",42
"45","E2","17ST4 - 2",2017-08-15,"North","n/p","Sac DW Ship Channel","2017_3","18-03-SSC02",38.38629,-121.62384,2017-08-15,"E2",NA,4,NA,5,2079.2123814,0.280000001192093,"None",54
"46","E20","17ST4 - 20",2017-09-18,"West","Lower Sacramento River","Lower Sacramento","2017_3","18-08-LSR01",38.06774,-121.85245,2017-09-18,"E20",NA,2,NA,5,2335.3228206,0.560000002384186,"None",48
"47","E21","17ST4 - 21",2017-09-18,"West","Lower Sacramento River","Lower Sacramento","2017_3","18-08-LSR01",38.06774,-121.85245,2017-09-18,"E21",NA,2,NA,5,2335.3228206,0.560000002384186,"None",47
"48","E22","17ST4 - 22",2017-09-18,"West","Lower Sacramento River","Lower Sacramento","2017_3","18-08-LSR02",38.05451,-121.86867,2017-09-18,"E22",NA,1,NA,5,1992.60661446,0.540000021457672,"None",45
"49","E23","17ST4 - 23",2017-09-18,"West","Lower Sacramento River","Lower Sacramento","2017_3","18-08-LSR02",38.05451,-121.86867,2017-09-18,"E23",NA,1,NA,5,1992.60661446,0.540000021457672,"None",44
"50","E24","17ST4 - 24",2017-09-18,"West","Lower Sacramento River","Lower Sacramento","2017_3","18-08-LSR01",38.06774,-121.85245,2017-09-18,"E24",NA,2,NA,5,2335.3228206,0.560000002384186,"None",55
"51","E25","17ST4 - 25",2017-09-29,"West","Lower Sacramento River","Lower Sacramento","2017_3","18-09-LSR01",38.05674,-121.87676,2017-09-29,"E25",NA,1,NA,5,2222.4320349,1.07000005245209,"None",56
"52","E26","17ST4 - 26",2017-10-04,"West","Lower Sacramento River","Lower Sacramento","2017_3","18-10-LSR06",38.06202,-121.86855,2017-10-04,"E26",NA,3,NA,5,2041.13280294,0.519999980926514,"None",62
"53","E27","17ST4 - 27",2017-10-10,"West","Lower Sacramento River","Lower Sacramento","2017_3","18-11-LSR01",38.07626,-121.77185,2017-10-10,"E27",NA,1,NA,5,1984.51891638,0.529999971389771,"None",53
"54","E28","17ST4 - 28",2017-10-10,"West","Lower Sacramento River","Lower Sacramento","2017_3","18-11-LSR01",38.07626,-121.77185,2017-10-10,"E28",NA,1,NA,5,1984.51891638,0.529999971389771,"None",47
"55","E29","17ST4 - 29",2017-10-10,"West","Lower Sacramento River","Lower Sacramento","2017_3","18-11-LSR01",38.07626,-121.77185,2017-10-10,"E29",NA,1,NA,5,1984.51891638,0.529999971389771,"None",53
"56","E3","17ST4 - 3",2017-08-21,"West","Lower Sacramento River","Lower Sacramento","2017_3","18-04-LSR03",38.05251,-121.86898,2017-08-21,"E3",NA,1,NA,5,2564.4742662,0.449999988079071,"None",48
"57","E30","17ST4 - 30",2017-10-10,"West","Lower Sacramento River","Lower Sacramento","2017_3","18-11-LSR01",38.07626,-121.77185,2017-10-10,"E30",NA,1,NA,5,1984.51891638,0.529999971389771,"None",49
"58","E31","17ST4 - 31",2017-10-10,"West","Lower Sacramento River","Lower Sacramento","2017_3","18-11-LSR01",38.07626,-121.77185,2017-10-10,"E31",NA,1,NA,5,1984.51891638,0.529999971389771,"None",44
"59","E32","17ST4 - 32",2017-10-10,"West","Lower Sacramento River","Lower Sacramento","2017_3","18-11-LSR01",38.07626,-121.77185,2017-10-10,"E32",NA,1,NA,5,1984.51891638,0.529999971389771,"None",57
"60","E33","17ST4 - 33",2017-10-10,"West","Lower Sacramento River","Lower Sacramento","2017_3","18-11-LSR01",38.07626,-121.77185,2017-10-10,"E33",NA,1,NA,5,1984.51891638,0.529999971389771,"None",53
"61","E34","17ST4 - 34",2017-10-10,"West","Lower Sacramento River","Lower Sacramento","2017_3","18-11-LSR01",38.07626,-121.77185,2017-10-10,"E34",NA,1,NA,5,1984.51891638,0.529999971389771,"None",60
"62","E35","17ST4 - 35",2017-10-10,"West","Lower Sacramento River","Lower Sacramento","2017_3","18-11-LSR01",38.07626,-121.77185,2017-10-10,"E35",NA,1,NA,5,1984.51891638,0.529999971389771,"None",50
"63","E36","17ST4 - 36",2017-10-10,"West","Lower Sacramento River","Lower Sacramento","2017_3","18-11-LSR01",38.07626,-121.77185,2017-10-10,"E36",NA,1,NA,5,1984.51891638,0.529999971389771,"None",65
"64","E37","17ST4 - 37",2017-10-10,"West","Lower Sacramento River","Lower Sacramento","2017_3","18-11-LSR01",38.07626,-121.77185,2017-10-10,"E37",NA,1,NA,5,1984.51891638,0.529999971389771,"None",59
"65","E38","17ST4 - 38",2017-10-10,"West","Lower Sacramento River","Lower Sacramento","2017_3","18-11-LSR01",38.07626,-121.77185,2017-10-10,"E38",NA,1,NA,5,1984.51891638,0.529999971389771,"None",67
"66","E39","17ST4 - 39",2017-10-10,"West","Lower Sacramento River","Lower Sacramento","2017_3","18-11-LSR01",38.07579,-121.77238,2017-10-10,"E39",NA,2,NA,3,1245.84249174,0.519999980926514,"None",60
"67","E4","17ST4 - 4",2017-08-22,"North","n/p","Sac DW Ship Channel","2017_3","18-04-SSC02",38.39545,-121.61918,2017-08-22,"E4",NA,2,NA,5,82.5619179,0.300000011920929,"None",49
"68","E40","17ST4 - 40",2017-10-10,"West","Lower Sacramento River","Lower Sacramento","2017_3","18-11-LSR01",38.07579,-121.77238,2017-10-10,"E40",NA,2,NA,3,1245.84249174,0.519999980926514,"None",56
"69","E41","17ST4 - 41",2017-10-10,"West","Lower Sacramento River","Lower Sacramento","2017_3","18-11-LSR01",38.07579,-121.77238,2017-10-10,"E41",NA,2,NA,3,1245.84249174,0.519999980926514,"None",53
"70","E42","17ST4 - 42",2017-10-10,"West","Lower Sacramento River","Lower Sacramento","2017_3","18-11-LSR01",38.07579,-121.77238,2017-10-10,"E42",NA,2,NA,3,1245.84249174,0.519999980926514,"None",52
"71","E43","17ST4 - 43",2017-10-10,"West","Lower Sacramento River","Lower Sacramento","2017_3","18-11-LSR01",38.07579,-121.77238,2017-10-10,"E43",NA,2,NA,3,1245.84249174,0.519999980926514,"None",60
"72","E44","17ST4 - 44",2017-10-10,"West","Lower Sacramento River","Lower Sacramento","2017_3","18-11-LSR01",38.07579,-121.77238,2017-10-10,"E44",NA,2,NA,3,1245.84249174,0.519999980926514,"None",63
"73","E45","17ST4 - 45",2017-10-10,"West","Lower Sacramento River","Lower Sacramento","2017_3","18-11-LSR01",38.07579,-121.77238,2017-10-10,"E45",NA,2,NA,3,1245.84249174,0.519999980926514,"None",59
"74","E46","17ST4 - 46",2017-10-10,"West","Lower Sacramento River","Lower Sacramento","2017_3","18-11-LSR01",38.07579,-121.77238,2017-10-10,"E46",NA,2,NA,3,1245.84249174,0.519999980926514,"None",58
"75","E47","17ST4 - 47",2017-10-10,"West","Lower Sacramento River","Lower Sacramento","2017_3","18-11-LSR01",38.07579,-121.77238,2017-10-10,"E47",NA,2,NA,3,1245.84249174,0.519999980926514,"None",51
"76","E48","17ST4 - 48",2017-10-10,"West","Lower Sacramento River","Lower Sacramento","2017_3","18-11-LSR01",38.07579,-121.77238,2017-10-10,"E48",NA,2,NA,3,1245.84249174,0.519999980926514,"None",55
"77","E49","17ST4 - 49",2017-10-10,"West","Lower Sacramento River","Lower Sacramento","2017_3","18-11-LSR01",38.07579,-121.77238,2017-10-10,"E49",NA,2,NA,3,1245.84249174,0.519999980926514,"None",59
"78","E5","17ST4 - 5",2017-08-28,"West","Lower Sacramento River","Lower Sacramento","2017_3","18-05-LSR02",38.06747,-121.8454,2017-08-28,"E5",NA,2,NA,5,2618.05526598,0.529999971389771,"None",51
"79","E50","17ST4 - 50",2017-10-10,"West","Lower Sacramento River","Lower Sacramento","2017_3","18-11-LSR01",38.07579,-121.77238,2017-10-10,"E50",NA,2,NA,3,1245.84249174,0.519999980926514,"None",51
"80","E51","17ST4 - 51",2017-10-10,"West","Lower Sacramento River","Lower Sacramento","2017_3","18-11-LSR01",38.07579,-121.77238,2017-10-10,"E51",NA,2,NA,3,1245.84249174,0.519999980926514,"None",59
"81","E52","17ST4 - 52",2017-10-10,"West","Lower Sacramento River","Lower Sacramento","2017_3","18-11-LSR01",38.07579,-121.77238,2017-10-10,"E52",NA,2,NA,3,1245.84249174,0.519999980926514,"None",63
"82","E53","17ST4 - 53",2017-10-10,"West","Lower Sacramento River","Lower Sacramento","2017_3","18-11-LSR01",38.07579,-121.77238,2017-10-10,"E53",NA,2,NA,3,1245.84249174,0.519999980926514,"None",60
"83","E54","17ST4 - 54",2017-10-10,"West","Lower Sacramento River","Lower Sacramento","2017_3","18-11-LSR01",38.07579,-121.77238,2017-10-10,"E54",NA,2,NA,3,1245.84249174,0.519999980926514,"None",47
"84","E55","17ST4 - 55",2017-10-10,"West","Lower Sacramento River","Lower Sacramento","2017_3","18-11-LSR01",38.07579,-121.77238,2017-10-10,"E55",NA,2,NA,3,1245.84249174,0.519999980926514,"None",62
"85","E56","17ST4 - 56",2017-10-10,"West","Lower Sacramento River","Lower Sacramento","2017_3","18-11-LSR01",38.07579,-121.77238,2017-10-10,"E56",NA,2,NA,3,1245.84249174,0.519999980926514,"None",54
"86","E57","17ST4 - 57",2017-10-10,"West","Lower Sacramento River","Lower Sacramento","2017_3","18-11-LSR01",38.07579,-121.77238,2017-10-10,"E57",NA,2,NA,3,1245.84249174,0.519999980926514,"None",64
"87","E58","17ST4 - 58",2017-10-10,"West","Lower Sacramento River","Lower Sacramento","2017_3","18-11-LSR01",38.07579,-121.77238,2017-10-10,"E58",NA,2,NA,3,1245.84249174,0.519999980926514,"None",57
"88","E59","17ST4 - 59",2017-10-10,"West","Lower Sacramento River","Lower Sacramento","2017_3","18-11-LSR02",38.06747,-121.83326,2017-10-10,"E59",NA,NA,NA,NA,NA,NA,"None",61
"89","E6","17ST4 - 6",2017-08-28,"West","Lower Sacramento River","Lower Sacramento","2017_3","18-05-LSR02",38.06747,-121.8454,2017-08-28,"E6",NA,2,NA,5,2618.05526598,0.529999971389771,"None",65
"90","E60","17ST4 - 60",2017-10-10,"West","Lower Sacramento River","Lower Sacramento","2017_3","18-11-LSR02",38.06625,-121.82619,2017-10-10,"E60",NA,3,NA,5,2017.20669612,0.479999989271164,"None",51
"91","E61",NA,2017-10-23,"West","Lower Sacramento River","Lower Sacramento","2017_3","18-13-LSR01",38.06918,-121.84377,2017-10-23,"E61",NA,2,NA,5,2259.83763852,0.419999986886978,"None",55
"92","E62",NA,2017-11-08,"West","Lower Sacramento River","Lower Sacramento","2017_3","18-15-LSR02",38.06153,-121.79124,2017-11-08,"E62",NA,5,NA,5,2554.70163102,0.689999997615814,"None",45
"93","E63",NA,2017-11-20,"West","Lower Sacramento River","Lower Sacramento","2017_3","18-17-LSR01",38.07084,-121.8329,2017-11-20,"E63",NA,4,NA,5,2022.93548226,0.639999985694885,"None",51
"94","E7","17ST4 - 7",2017-09-08,"West","Lower Sacramento River","Lower Sacramento","2017_3","18-06-LSR01",38.0536,-121.87649,2017-09-08,"E7",NA,5,NA,5,2125.71664536,0.569999992847443,"None",55
"95","E8","17ST4 - 8",2017-09-18,"West","Lower Sacramento River","Lower Sacramento","2017_3","18-08-LSR01",38.06795,-121.85263,2017-09-18,"E8",NA,1,NA,5,1998.67238802,0.579999983310699,"None",48
"96","E9","17ST4 - 9",2017-09-18,"West","Lower Sacramento River","Lower Sacramento","2017_3","18-08-LSR01",38.06795,-121.85263,2017-09-18,"E9",NA,1,NA,5,1998.67238802,0.579999983310699,"None",48
"97","E100",NA,2018-09-10,"North","Lower Sac River Ship Channel","Sac DW Ship Channel","2018_3","19-07-LSSC02",38.3556,-121.63842,2018-09-10,"19-F157/E100",NA,1,NA,10,3372.57009936,0.360000014305115,"None",51
"98","E101",NA,2018-09-10,"North","Lower Sac River Ship Channel","Sac DW Ship Channel","2018_3","19-07-LSSC02",38.3556,-121.63842,2018-09-10,"19-F158/E101",NA,1,NA,10,3372.57009936,0.360000014305115,"None",54
"99","E102",NA,2018-09-10,"North","Lower Sac River Ship Channel","Sac DW Ship Channel","2018_3","19-07-LSSC02",38.3556,-121.63842,2018-09-10,"19-F159/E102",NA,1,NA,10,3372.57009936,0.360000014305115,"None",56
"100","E103",NA,2018-09-10,"North","Lower Sac River Ship Channel","Sac DW Ship Channel","2018_3","19-07-LSSC02",38.35704,-121.63769,2018-09-10,"19-F160/E103",NA,2,NA,10,3418.06340106,0.330000013113022,"None",44
"101","E104",NA,2018-09-10,"North","Lower Sac River Ship Channel","Sac DW Ship Channel","2018_3","19-07-LSSC02",38.35704,-121.63769,2018-09-10,"19-F161/E104",NA,2,NA,10,3418.06340106,0.330000013113022,"None",51
"102","E105",NA,2018-09-10,"North","Lower Sac River Ship Channel","Sac DW Ship Channel","2018_3","19-07-LSSC02",38.35704,-121.63769,2018-09-10,"19-F162/E105",NA,2,NA,10,3418.06340106,0.330000013113022,"None",47
"103","E106",NA,2018-09-10,"North","Lower Sac River Ship Channel","Sac DW Ship Channel","2018_3","19-07-LSSC02",38.35704,-121.63769,2018-09-10,"19-F163/E106",NA,2,NA,10,3418.06340106,0.330000013113022,"None",53
"104","E107",NA,2018-09-10,"North","Lower Sac River Ship Channel","Sac DW Ship Channel","2018_3","19-07-LSSC02",38.35704,-121.63769,2018-09-10,"19-F164/E107",NA,2,NA,10,3418.06340106,0.330000013113022,"None",54
"105","E108",NA,2018-09-10,"North","Lower Sac River Ship Channel","Sac DW Ship Channel","2018_3","19-07-LSSC02",38.35704,-121.63769,2018-09-10,"19-F165/E108",NA,2,NA,10,3418.06340106,0.330000013113022,"None",48
"106","E109",NA,2018-09-10,"North","Lower Sac River Ship Channel","Sac DW Ship Channel","2018_3","19-07-LSSC02",38.35704,-121.63769,2018-09-10,"19-F166/E109",NA,2,NA,10,3418.06340106,0.330000013113022,"None",50
"107","E110",NA,2018-09-10,"North","Lower Sac River Ship Channel","Sac DW Ship Channel","2018_3","19-07-LSSC02",38.35704,-121.63769,2018-09-10,"19-F167/E110",NA,2,NA,10,3418.06340106,0.330000013113022,"None",47
"108","E111",NA,2018-09-10,"North","Lower Sac River Ship Channel","Sac DW Ship Channel","2018_3","19-07-LSSC02",38.35704,-121.63769,2018-09-10,"19-F168/E111",NA,2,NA,10,3418.06340106,0.330000013113022,"None",49
"109","E112",NA,2018-09-10,"North","Lower Sac River Ship Channel","Sac DW Ship Channel","2018_3","19-07-LSSC02",38.35704,-121.63769,2018-09-10,"19-F169/E112",NA,2,NA,10,3418.06340106,0.330000013113022,"None",50
"110","E113",NA,2018-09-10,"North","Lower Sac River Ship Channel","Sac DW Ship Channel","2018_3","19-07-LSSC02",38.35704,-121.63769,2018-09-10,"19-F170/E113",NA,2,NA,10,3418.06340106,0.330000013113022,"None",47
"111","E114",NA,2018-09-10,"North","Lower Sac River Ship Channel","Sac DW Ship Channel","2018_3","19-07-LSSC02",38.35704,-121.63769,2018-09-10,"19-F171/E114",NA,2,NA,10,3418.06340106,0.330000013113022,"None",47
"112","E115",NA,2018-09-10,"North","Lower Sac River Ship Channel","Sac DW Ship Channel","2018_3","19-07-LSSC02",38.35704,-121.63769,2018-09-10,"E115",NA,2,NA,10,3418.06340106,0.330000013113022,"None",39
"113","E116",NA,2018-09-10,"North","Lower Sac River Ship Channel","Sac DW Ship Channel","2018_3","19-07-LSSC02",38.35704,-121.63769,2018-09-10,"E116",NA,2,NA,10,3418.06340106,0.330000013113022,"None",51
"114","E117",NA,2018-09-10,"North","Lower Sac River Ship Channel","Sac DW Ship Channel","2018_3","19-07-LSSC02",38.35704,-121.63769,2018-09-10,"E117",NA,2,NA,10,3418.06340106,0.330000013113022,"None",46
"115","E118",NA,2018-09-11,"North","Lower Sac River Ship Channel","Sac DW Ship Channel","2018_3","19-07-LSSC06",38.37525,-121.62837,2018-09-11,"19-F172/E118",NA,3,NA,10,2660.85266832,0.550000011920929,"None",47
"116","E119",NA,2018-09-11,"North","Lower Sac River Ship Channel","Sac DW Ship Channel","2018_3","19-07-LSSC06",38.37525,-121.62837,2018-09-11,"19-F173/E119",NA,3,NA,10,2660.85266832,0.550000011920929,"None",51
"117","E120",NA,2018-09-11,"North","Lower Sac River Ship Channel","Sac DW Ship Channel","2018_3","19-07-LSSC06",38.37525,-121.62837,2018-09-11,"19-F174/E120",NA,3,NA,10,2660.85266832,0.550000011920929,"None",50
"118","E121",NA,2018-09-11,"North","Lower Sac River Ship Channel","Sac DW Ship Channel","2018_3","19-07-LSSC06",38.37525,-121.62837,2018-09-11,"19-F175/E121",NA,3,NA,10,2660.85266832,0.550000011920929,"None",45
"119","E122",NA,2018-09-20,"North","Lower Sac River Ship Channel","Sac DW Ship Channel","2018_3","19-08-LSSC03",38.3486,-121.64152,2018-09-20,"19-F176/E122",NA,4,NA,10,3743.59324878,0.449999988079071,"None",48
"120","E123",NA,2018-09-20,"North","Lower Sac River Ship Channel","Sac DW Ship Channel","2018_3","19-08-LSSC03",38.3486,-121.64152,2018-09-20,"19-F177/E123",NA,4,NA,10,3743.59324878,0.449999988079071,"None",51
"121","E124",NA,2018-09-26,"North","Lower Sac River Ship Channel","Sac DW Ship Channel","2018_3","19-09-LSSC05",38.36571,-121.63369,2018-09-26,"E124",NA,1,NA,10,4147.64116536,0.319999992847443,"None",52
"122","E125",NA,2018-09-26,"North","Lower Sac River Ship Channel","Sac DW Ship Channel","2018_3","19-09-LSSC05",38.36571,-121.63369,2018-09-26,"E125",NA,1,NA,10,4147.64116536,0.319999992847443,"None",50
"123","E126",NA,2018-09-26,"North","Lower Sac River Ship Channel","Sac DW Ship Channel","2018_3","19-09-LSSC05",38.36571,-121.63369,2018-09-26,"E126",NA,1,NA,10,4147.64116536,0.319999992847443,"None",48
"124","E127",NA,2018-09-26,"North","Lower Sac River Ship Channel","Sac DW Ship Channel","2018_3","19-09-LSSC05",38.36571,-121.63369,2018-09-26,"E127",NA,1,NA,10,4147.64116536,0.319999992847443,"None",44
"125","E128",NA,2018-09-26,"North","Lower Sac River Ship Channel","Sac DW Ship Channel","2018_3","19-09-LSSC05",38.36571,-121.63369,2018-09-26,"E128",NA,1,NA,10,4147.64116536,0.319999992847443,"None",50
"126","E129",NA,2018-09-27,"North","Lower Sac River Ship Channel","Sac DW Ship Channel","2018_3","19-09-LSSC02",38.39446,-121.62037,2018-09-27,"E129",NA,2,NA,10,4116.3013353,0.389999985694885,"None",50
"127","E130",NA,2018-09-27,"North","Lower Sac River Ship Channel","Sac DW Ship Channel","2018_3","19-09-LSSC02",38.39446,-121.62037,2018-09-27,"E130",NA,2,NA,10,4116.3013353,0.389999985694885,"None",56
"128","E131",NA,2018-09-27,"North","Lower Sac River Ship Channel","Sac DW Ship Channel","2018_3","19-09-LSSC02",38.39446,-121.62037,2018-09-27,"E131",NA,2,NA,10,4116.3013353,0.389999985694885,"None",48
"129","E132",NA,2018-09-27,"North","Lower Sac River Ship Channel","Sac DW Ship Channel","2018_3","19-09-LSSC02",38.39446,-121.62037,2018-09-27,"E132",NA,2,NA,10,4116.3013353,0.389999985694885,"None",44
"130","E133",NA,2018-09-27,"North","Lower Sac River Ship Channel","Sac DW Ship Channel","2018_3","19-09-LSSC02",38.39446,-121.62037,2018-09-27,"E133",NA,2,NA,10,4116.3013353,0.389999985694885,"None",41
"131","E134",NA,2018-09-27,"North","Lower Sac River Ship Channel","Sac DW Ship Channel","2018_3","19-09-LSSC02",38.39446,-121.62037,2018-09-27,"E134",NA,2,NA,10,4116.3013353,0.389999985694885,"None",51
"132","E135",NA,2018-09-27,"North","Lower Sac River Ship Channel","Sac DW Ship Channel","2018_3","19-09-LSSC02",38.39446,-121.62037,2018-09-27,"E135",NA,2,NA,10,4116.3013353,0.389999985694885,"None",50
"133","E136",NA,2018-10-04,"North","Lower Sac River Ship Channel","Sac DW Ship Channel","2018_3","19-10-LSSC01",38.39103,-121.62215,2018-10-04,"E136",NA,2,NA,10,3987.90912828,0.379999995231628,"None",47
"134","E137",NA,2018-10-04,"North","Lower Sac River Ship Channel","Sac DW Ship Channel","2018_3","19-10-LSSC01",38.39103,-121.62215,2018-10-04,"E137",NA,2,NA,10,3987.90912828,0.379999995231628,"None",49
"135","E138",NA,2018-10-04,"North","Lower Sac River Ship Channel","Sac DW Ship Channel","2018_3","19-10-LSSC01",38.39103,-121.62215,2018-10-04,"E138",NA,2,NA,10,3987.90912828,0.379999995231628,"None",53
"136","E139",NA,2018-10-04,"North","Lower Sac River Ship Channel","Sac DW Ship Channel","2018_3","19-10-LSSC01",38.39103,-121.62215,2018-10-04,"E139",NA,2,NA,10,3987.90912828,0.379999995231628,"None",54
"137","E140","18ST14 - 109",2018-10-09,"North","Lower Sac River Ship Channel","Sac DW Ship Channel","2018_3","19-11-LSSC06",38.42856,-121.60428,2018-10-09,"E140",NA,3,NA,10,3856.48403448,0.189999997615814,"None",52
"138","E141","18ST14 - 110",2018-10-09,"North","Lower Sac River Ship Channel","Sac DW Ship Channel","2018_3","19-11-LSSC03",38.40889,-121.61349,2018-10-09,"E141",NA,2,NA,10,3766.84538076,0.189999997615814,"None",55
"139","E142","18ST14 - 111",2018-10-09,"North","Lower Sac River Ship Channel","Sac DW Ship Channel","2018_3","19-11-LSSC03",38.41033,-121.6127,2018-10-09,"E142",NA,3,NA,10,3768.19333044,0.189999997615814,"None",53
"140","E143","18ST14 - 112",2018-10-17,"North","Lower Sac River Ship Channel","Sac DW Ship Channel","2018_3","19-12-LSSC03",38.45602,-121.59135,2018-10-17,"E143",NA,2,NA,10,4314.44993826,0.370000004768372,"None",52
"141","E144","18ST14 - 113",2018-10-17,"North","Lower Sac River Ship Channel","Sac DW Ship Channel","2018_3","19-12-LSSC04",38.38681,-121.62414,2018-10-17,"E144",NA,1,NA,10,3718.31919228,0.340000003576279,"None",53
"142","E145","18ST14 - 114",2018-10-17,"North","Lower Sac River Ship Channel","Sac DW Ship Channel","2018_3","19-12-LSSC04",38.38681,-121.62414,2018-10-17,"E145",NA,1,NA,10,3718.31919228,0.340000003576279,"None",55
"143","E146","18ST14 - 115",2018-10-17,"North","Lower Sac River Ship Channel","Sac DW Ship Channel","2018_3","19-12-LSSC04",38.38681,-121.62414,2018-10-17,"E146",NA,1,NA,10,3718.31919228,0.340000003576279,"None",50
"144","E147","18ST14 - 116",2018-10-17,"North","Lower Sac River Ship Channel","Sac DW Ship Channel","2018_3","19-12-LSSC04",38.38681,-121.62414,2018-10-17,"E147",NA,1,NA,10,3718.31919228,0.340000003576279,"None",56
"145","E148","18ST14 - 117",2018-10-17,"North","Lower Sac River Ship Channel","Sac DW Ship Channel","2018_3","19-12-LSSC04",38.38681,-121.62414,2018-10-17,"E148",NA,1,NA,10,3718.31919228,0.340000003576279,"None",48
"146","E149","18ST14 - 118",2018-10-17,"North","Lower Sac River Ship Channel","Sac DW Ship Channel","2018_3","19-12-LSSC04",38.38681,-121.62414,2018-10-17,"E149",NA,1,NA,10,3718.31919228,0.340000003576279,"None",48
"147","E191","18ST14 - 119",2018-11-07,"West","Suisun Marsh","Suisun Marsh","2018_3","19-15-SM01",38.17657,-122.01153,2018-11-07,"E191",NA,3,NA,10,3921.85959396,0.400000005960464,"None",61
"148","E192","18ST14 - 120",2018-11-08,"West","Suisun Marsh","Suisun Marsh","2018_3","19-15-SM04",38.19297,-122.03911,2018-11-08,"E192",NA,2,NA,10,4098.10401462,0.330000013113022,"None",61
"149","E193","18ST14 - 121",2018-11-26,"West","Suisun Marsh","Suisun Marsh","2018_3","19-18-SM02",38.2088,-122.03384,2018-11-26,"E193",NA,3,NA,10,2974.25096892,0.25,"None",60
"150","E307",NA,2018-09-17,"West","Lower Sacramento River","Lower Sacramento","2018_3","19-08-LSR02",38.06926,-121.83233,2018-09-17,"E307",NA,1,NA,10,4139.21647986,0.439999997615814,"None",60
"151","E308",NA,2018-09-17,"West","Lower Sacramento River","Lower Sacramento","2018_3","19-08-LSR02",38.06926,-121.83233,2018-09-17,"19-F72/E308",NA,1,NA,10,4139.21647986,0.439999997615814,"None",56
"152","E309",NA,2018-09-17,"West","Lower Sacramento River","Lower Sacramento","2018_3","19-08-LSR02",38.06926,-121.83233,2018-09-17,"19-F73/E309",NA,1,NA,10,4139.21647986,0.439999997615814,"None",57
"153","E310",NA,2018-09-17,"West","Lower Sacramento River","Lower Sacramento","2018_3","19-08-LSR02",38.06926,-121.83233,2018-09-17,"19-F74/E310",NA,1,NA,10,4139.21647986,0.439999997615814,"None",55
"154","E311",NA,2018-09-17,"West","Lower Sacramento River","Lower Sacramento","2018_3","19-08-LSR02",38.06926,-121.83233,2018-09-17,"19-F75/E311",NA,1,NA,10,4139.21647986,0.439999997615814,"None",58
"155","E312",NA,2018-09-17,"West","Lower Sacramento River","Lower Sacramento","2018_3","19-08-LSR02",38.06926,-121.83233,2018-09-17,"19-F76/E312",NA,1,NA,10,4139.21647986,0.439999997615814,"None",54
"156","E313",NA,2018-09-17,"West","Lower Sacramento River","Lower Sacramento","2018_3","19-08-LSR02",38.06926,-121.83233,2018-09-17,"19-F77/E313",NA,1,NA,10,4139.21647986,0.439999997615814,"None",51
"157","E314",NA,2018-09-17,"West","Lower Sacramento River","Lower Sacramento","2018_3","19-08-LSR02",38.06926,-121.83233,2018-09-17,"19-F78/E314",NA,1,NA,10,4139.21647986,0.439999997615814,"None",48
"158","E315",NA,2018-09-17,"West","Lower Sacramento River","Lower Sacramento","2018_3","19-08-LSR02",38.06896,-121.831,2018-09-17,"E315",NA,2,NA,10,4039.80519096,0.46000000834465,"None",62
"159","E316",NA,2018-09-17,"West","Lower Sacramento River","Lower Sacramento","2018_3","19-08-LSR02",38.06896,-121.831,2018-09-17,"19-F79/E316",NA,2,NA,10,4039.80519096,0.46000000834465,"None",57
"160","E317",NA,2018-09-17,"West","Lower Sacramento River","Lower Sacramento","2018_3","19-08-LSR02",38.06896,-121.831,2018-09-17,"19-F80/E317",NA,2,NA,10,4039.80519096,0.46000000834465,"None",57
"161","E318",NA,2018-09-17,"West","Lower Sacramento River","Lower Sacramento","2018_3","19-08-LSR02",38.06896,-121.831,2018-09-17,"19-F81/E318",NA,2,NA,10,4039.80519096,0.46000000834465,"None",57
"162","E319",NA,2018-09-17,"West","Lower Sacramento River","Lower Sacramento","2018_3","19-08-LSR02",38.06896,-121.831,2018-09-17,"19-F82/E319",NA,2,NA,10,4039.80519096,0.46000000834465,"None",58
"163","E320",NA,2018-09-24,"West","Lower Sacramento River","Lower Sacramento","2018_3","19-09-LSR02",38.07045,-121.83683,2018-09-24,"19-F83/E320",NA,NA,NA,NA,NA,NA,"None",60
"164","E321","18ST14 - 122",2018-10-09,"West","Lower Sacramento River","Lower Sacramento","2018_3","19-11-LSR01",38.05896,-121.80859,2018-10-09,"E321",NA,1,NA,10,5241.16534326,0.949999988079071,"None",60
"165","E322","18ST14 - 123",2018-10-09,"West","Lower Sacramento River","Lower Sacramento","2018_3","19-11-LSR01",38.05896,-121.80859,2018-10-09,"E322",NA,1,NA,10,5241.16534326,0.949999988079071,"None",56
"166","E323","18ST14 - 124",2018-10-09,"West","Lower Sacramento River","Lower Sacramento","2018_3","19-11-LSR01",38.05896,-121.80859,2018-10-09,"E323",NA,1,NA,10,5241.16534326,0.949999988079071,"None",56
"167","E324","18ST14 - 125",2018-10-09,"West","Lower Sacramento River","Lower Sacramento","2018_3","19-11-LSR01",38.05896,-121.80859,2018-10-09,"E324",NA,1,NA,10,5241.16534326,0.949999988079071,"None",60
"168","E325","18ST14 - 126",2018-10-29,"West","Lower Sacramento River","Lower Sacramento","2018_3","19-14-LSR03",38.06586,-121.8169,2018-10-29,"E325",NA,3,NA,10,3514.10481576,0.769999980926514,"None",62
"169","E326","18ST14 - 127",2018-10-30,"West","Lower Sacramento River","Lower Sacramento","2018_3","19-14-LSR02",38.08758,-121.74522,2018-10-30,"E326",NA,4,NA,10,4439.8092585,0.469999998807907,"None",61
"170","E395","18ST14 - 128",2018-11-29,"West","Lower Sacramento River","Lower Sacramento","2018_3","19-18-LSR03",38.06257,-121.8063,2018-11-29,"E395",NA,1,NA,10,4438.1243214,0.949999988079071,"None",64
"171","E396","18ST14 - 129",2018-11-29,"West","Lower Sacramento River","Lower Sacramento","2018_3","19-18-LSR03",38.06309,-121.80712,2018-11-29,"E396",NA,2,NA,10,3229.35044586,0.810000002384186,"None",61
"172","E397","18ST14 - 130",2018-10-17,"North","Lower Sac River Ship Channel","Sac DW Ship Channel","2018_3","19-12-LSSC04",38.38681,-121.62414,2018-10-17,"E397",NA,1,NA,10,3718.31919228,0.340000003576279,"None",52
"173","E398","18ST14 - 131",2018-10-17,"North","Lower Sac River Ship Channel","Sac DW Ship Channel","2018_3","19-12-LSSC04",38.38463,-121.6249,2018-10-17,"E398",NA,2,NA,10,4223.46333486,0.28999999165535,"None",56
"174","E399","18ST14 - 132",2018-10-17,"North","Lower Sac River Ship Channel","Sac DW Ship Channel","2018_3","19-12-LSSC04",38.38463,-121.6249,2018-10-17,"E399",NA,2,NA,10,4223.46333486,0.28999999165535,"None",49
"175","E400","18ST14 - 133",2018-10-17,"North","Lower Sac River Ship Channel","Sac DW Ship Channel","2018_3","19-12-LSSC04",38.38463,-121.6249,2018-10-17,"E400",NA,2,NA,10,4223.46333486,0.28999999165535,"None",50
"176","E401","18ST14 - 134",2018-10-17,"North","Lower Sac River Ship Channel","Sac DW Ship Channel","2018_3","19-12-LSSC04",38.38463,-121.6249,2018-10-17,"E401",NA,2,NA,10,4223.46333486,0.28999999165535,"None",52
"177","E402","18ST14 - 135",2018-10-17,"North","Lower Sac River Ship Channel","Sac DW Ship Channel","2018_3","19-12-LSSC04",38.38463,-121.6249,2018-10-17,"E402",NA,2,NA,10,4223.46333486,0.28999999165535,"None",49
"178","E403","18ST14 - 136",2018-10-17,"North","Lower Sac River Ship Channel","Sac DW Ship Channel","2018_3","19-12-LSSC04",38.38463,-121.6249,2018-10-17,"E403",NA,2,NA,10,4223.46333486,0.28999999165535,"None",49
"179","E404","18ST14 - 137",2018-10-17,"North","Lower Sac River Ship Channel","Sac DW Ship Channel","2018_3","19-12-LSSC04",38.38463,-121.6249,2018-10-17,"E404",NA,2,NA,10,4223.46333486,0.28999999165535,"None",53
"180","E405","18ST14 - 138",2018-10-17,"North","Lower Sac River Ship Channel","Sac DW Ship Channel","2018_3","19-12-LSSC04",38.38463,-121.6249,2018-10-17,"E405",NA,2,NA,10,4223.46333486,0.28999999165535,"None",56
"181","E406","18ST14 - 139",2018-10-17,"North","Lower Sac River Ship Channel","Sac DW Ship Channel","2018_3","19-12-LSSC04",38.38463,-121.6249,2018-10-17,"E406",NA,2,NA,10,4223.46333486,0.28999999165535,"None",52
"182","E407","18ST14 - 140",2018-10-31,"North","Lower Sac River Ship Channel","Sac DW Ship Channel","2018_3","19-14-LSSC03",38.47029,-121.58522,2018-10-31,"E407",NA,1,NA,10,3589.58999784,0.400000005960464,"None",56
"183","E408","18ST14 - 141",2018-10-31,"North","Upper Sac River Ship Channel","Sac DW Ship Channel","2018_3","19-14-USSC01",38.48587,-121.58484,2018-10-31,"E408",NA,4,NA,10,3770.21525496,0.509999990463257,"None",54
"184","E409","18ST14 - 142",2018-11-01,"North","Lower Sac River Ship Channel","Sac DW Ship Channel","2018_3","19-14-LSSC06",38.41402,-121.61146,2018-11-01,"E409",NA,1,NA,10,3062.87866038,0.340000003576279,"None",57
"185","E410","18ST14 - 143",2018-11-01,"North","Lower Sac River Ship Channel","Sac DW Ship Channel","2018_3","19-14-LSSC06",38.41402,-121.61146,2018-11-01,"E410",NA,1,NA,10,3062.87866038,0.340000003576279,"None",48
"186","E411","18ST14 - 144",2018-11-01,"North","Lower Sac River Ship Channel","Sac DW Ship Channel","2018_3","19-14-LSSC06",38.41402,-121.61146,2018-11-01,"E411",NA,1,NA,10,3062.87866038,0.340000003576279,"None",56
"187","E412","18ST14 - 145",2018-11-01,"North","Lower Sac River Ship Channel","Sac DW Ship Channel","2018_3","19-14-LSSC06",38.41402,-121.61146,2018-11-01,"E412",NA,1,NA,10,3062.87866038,0.340000003576279,"None",52
"188","E413","18ST14 - 146",2018-11-07,"North","Lower Sac River Ship Channel","Sac DW Ship Channel","2018_3","19-15-LSSC01",38.44,-121.59948,2018-11-07,"E413",NA,1,NA,10,3745.6151733,0.360000014305115,"None",53
"189","E414","18ST14 - 147",2018-11-07,"North","Lower Sac River Ship Channel","Sac DW Ship Channel","2018_3","19-15-LSSC01",38.44097,-121.59861,2018-11-07,"E414",NA,2,NA,10,4029.69556836,0.370000004768372,"None",50
"190","E416","18ST14 - 148",2018-11-21,"North","Lower Sac River Ship Channel","Sac DW Ship Channel","2018_3","19-17-LSSC02",38.44977,-121.59469,2018-11-21,"E416",NA,2,NA,10,3449.0662437,0.349999994039536,"None",55
"191","E297",NA,2018-08-14,"West","Suisun Marsh","Suisun Marsh","2018_3","19-03-SM05",38.16796,-122.04164,2018-08-14,"19-F1/E297",NA,4,NA,10,4091.70125364,0.300000011920929,"None",46
"192","E298",NA,2018-08-13,NA,NA,NA,NA,NA,NA,NA,NA,NA,NA,NA,NA,NA,NA,NA,NA,NA
"193","E299",NA,2018-07-02,"West","Confluence","Suisun Bay","2018_3","18-49-CF01",38.04543,-121.90461,2018-07-02,"E299",NA,2,NA,10,5078.4004194,0.469999998807907,"None",37
"194","E300",NA,2018-07-02,"West","Confluence","Suisun Bay","2018_3","18-49-CF02",38.06759,-121.84529,2018-07-02,"E300",NA,6,NA,10,4638.6318363,0.579999983310699,"None",40
"195","E301",NA,2018-08-13,"West","Lower Sacramento River","Lower Sacramento","2018_3","19-03-LSR01",38.06774,-121.82181,2018-08-13,"19-F69/E301",NA,2,NA,10,4517.65335252,0.230000004172325,"None",61
"196","E302",NA,2018-08-22,"West","Lower Sacramento River","Lower Sacramento","2018_3","19-04-LSR01",38.06659,-121.81897,2018-08-22,"19-F70/E302",NA,1,NA,10,5127.2635953,0.519999980926514,"None",46
"197","E303",NA,2018-08-22,"West","Lower Sacramento River","Lower Sacramento","2018_3","19-04-LSR01",38.06614,-121.81923,2018-08-22,"19-F108/E303",NA,2,NA,10,4786.56931368,0.490000009536743,"None",57
"198","E304",NA,2018-08-22,"West","Lower Sacramento River","Lower Sacramento","2018_3","19-04-LSR01",38.06614,-121.81923,2018-08-22,"19-F107/E304",NA,2,NA,10,4786.56931368,0.490000009536743,"None",52
"199","E305",NA,2018-08-22,"West","Lower Sacramento River","Lower Sacramento","2018_3","19-04-LSR01",38.06614,-121.81923,2018-08-22,"19-F106/E305",NA,2,NA,10,4786.56931368,0.490000009536743,"None",42
"200","E306",NA,2018-08-22,"West","Lower Sacramento River","Lower Sacramento","2018_3","19-04-LSR03",38.06333,-121.81641,2018-08-22,"19-F105/E306",NA,2,NA,10,4706.36630772,0.479999989271164,"None",40
"201","E150",NA,2018-07-09,"North","Lower Sac River Ship Channel","Sac DW Ship Channel","2018_3","18-50-LSSC01",38.42467,-121.60644,2018-07-09,"18-F87/E150",NA,2,NA,10,2881.57942842,0.360000014305115,"None",50
"202","E184",NA,2018-07-17,"West","Honker Bay","Suisun Bay","2018_3","18-51-HB01",38.05532,-121.9389,2018-07-17,"18-F1/E184",NA,4,NA,10,5120.5238469,0.28999999165535,"None",54
"203","E185",NA,2018-07-17,"West","Confluence","Suisun Bay","2018_3","18-51-CF02",38.06182,-121.86236,2018-07-17,"18-F2/E185",NA,6,NA,10,5432.2372104,0.46000000834465,"None",46
"204","E186",NA,2018-08-20,"West","Suisun Marsh","Suisun Marsh","2018_3","19-04-SM01",38.18028,-121.99966,2018-08-20,"19-F3/E186",NA,1,NA,10,3935.67607818,0.46000000834465,"None",41
"205","E187",NA,2018-08-20,"West","Suisun Marsh","Suisun Marsh","2018_3","19-04-SM01",38.18029,-121.99992,2018-08-20,"19-F4/E187",NA,2,NA,10,4718.16086742,0.430000007152557,"None",43
"206","E188",NA,2018-08-21,"West","Grizzly Bay","Suisun Marsh","2018_3","19-04-GB01",38.10936,-122.05694,2018-08-21,"19-F5/E188",NA,1,NA,10,4386.90223356,0.419999986886978,"None",56
"207","E189",NA,2018-09-06,"West","Suisun Marsh","Suisun Marsh","2018_3","19-06-SM04",38.18324,-122.05546,2018-09-06,"19-F6/E189",NA,3,NA,10,198.48559038,0.209999993443489,"None",54
"208","E190",NA,2018-09-07,"West","Grizzly Bay","Suisun Marsh","2018_3","19-06-GB01",38.09935,-122.06666,2018-09-07,"19-F7/E190",NA,1,NA,10,4573.25627682,0.189999997615814,"None",51
"209","E64",NA,2018-07-05,"North","Lower Sac River Ship Channel","Sac DW Ship Channel","2018_3","18-49-LSSC03",38.3954,-121.61922,2018-07-05,"18-F81/E64",NA,2,NA,10,3403.23595458,0.340000003576279,"None",44
"210","E65",NA,2018-07-05,"North","Lower Sac River Ship Channel","Sac DW Ship Channel","2018_3","18-49-LSSC03",38.3954,-121.61922,2018-07-05,"18-F82/E65",NA,2,NA,10,3403.23595458,0.340000003576279,"None",36
"211","E66",NA,2018-07-05,"North","Lower Sac River Ship Channel","Sac DW Ship Channel","2018_3","18-49-LSSC03",38.39616,-121.61937,2018-07-05,"18-F84/E66",NA,3,NA,10,NA,0.319999992847443,"None",44
"212","E67",NA,2018-07-05,"North","Lower Sac River Ship Channel","Sac DW Ship Channel","2018_3","18-49-LSSC03",38.39616,-121.61937,2018-07-05,"18-F86/E67",NA,3,NA,10,NA,0.319999992847443,"None",44
"213","E68",NA,2018-07-09,"North","Lower Sac River Ship Channel","Sac DW Ship Channel","2018_3","18-50-LSSC01",38.42676,-121.60535,2018-07-09,"18-F85/E68",NA,3,NA,10,3640.81208568,0.310000002384186,"None",42
"214","E69",NA,2018-07-18,"North","Lower Sac River Ship Channel","Sac DW Ship Channel","2018_3","18-51-LSSC01",38.44809,-121.59529,2018-07-18,"18-F88/E69",NA,1,NA,10,3295.06299276,0.239999994635582,"None",48
"215","E70",NA,2018-07-19,"North","Lower Sac River Ship Channel","Sac DW Ship Channel","2018_3","18-51-LSSC04",38.41895,-121.60891,2018-07-19,"18-F89/E70",NA,6,NA,10,2839.45600092,0.310000002384186,"None",50
"216","E71",NA,2018-07-23,"North","Lower Sac River Ship Channel","Sac DW Ship Channel","2018_3","18-52-LSSC02",38.42129,-121.60773,2018-07-23,"18-F125/E71",NA,4,NA,10,3827.84010378,0.389999985694885,"None",50
"217","E72",NA,2018-07-23,"North","Lower Sac River Ship Channel","Sac DW Ship Channel","2018_3","18-52-LSSC05",38.42087,-121.60776,2018-07-23,"E72",NA,1,NA,10,4044.86000226,0.360000014305115,"None",44
"218","E73",NA,2018-07-24,"North","Lower Sac River Ship Channel","Sac DW Ship Channel","2018_3","18-52-LSSC03",38.30199,-121.65461,2018-07-24,"E73",NA,1,NA,10,3667.09710444,0.490000009536743,"None",48
"219","E74",NA,2018-07-24,"North","Lower Sac River Ship Channel","Sac DW Ship Channel","2018_3","18-52-LSSC03",38.30199,-121.65461,2018-07-24,"E74",NA,1,NA,10,3667.09710444,0.490000009536743,"None",45
"220","E75",NA,2018-07-24,"North","Lower Sac River Ship Channel","Sac DW Ship Channel","2018_3","18-52-LSSC03",38.30199,-121.65461,2018-07-24,"E75",NA,1,NA,10,3667.09710444,0.490000009536743,"None",43
"221","E76",NA,2018-07-24,"North","Lower Sac River Ship Channel","Sac DW Ship Channel","2018_3","18-52-LSSC03",38.30296,-121.6542,2018-07-24,"E76",NA,2,NA,10,3529.26924966,0.449999988079071,"None",47
"222","E77",NA,2018-08-01,"North","Lower Sac River Ship Channel","Sac DW Ship Channel","2018_3","18-53-LSSC01",38.46826,-121.5861,2018-08-01,"19-F137/E77",NA,1,NA,10,3660.35735604,0.430000007152557,"None",50
"223","E78",NA,2018-08-01,"North","Lower Sac River Ship Channel","Sac DW Ship Channel","2018_3","18-53-LSSC01",38.46826,-121.5861,2018-08-01,"19-F138/E78",NA,1,NA,10,3660.35735604,0.430000007152557,"None",55
"224","E79",NA,2018-08-01,"North","Upper Sac River Ship Channel","Sac DW Ship Channel","2018_3","18-53-USSC03",38.48619,-121.58456,2018-08-01,"19-F139/E79",NA,1,NA,10,3233.73128232,0.5,"None",46
"225","E80",NA,2018-08-01,"North","Upper Sac River Ship Channel","Sac DW Ship Channel","2018_3","18-53-USSC03",38.48902,-121.58435,2018-08-01,"19-F140/E80",NA,2,NA,10,3701.46982128,0.519999980926514,"None",49
"226","E81",NA,2018-08-08,"North","Lower Sac River Ship Channel","Sac DW Ship Channel","2018_3","19-02-LSSC02",38.38438,-121.62512,2018-08-08,"19-F141/E81",NA,2,NA,10,3968.0268705,0.389999985694885,"None",46
"227","E82",NA,2018-08-08,"North","Lower Sac River Ship Channel","Sac DW Ship Channel","2018_3","19-02-LSSC02",38.38438,-121.62512,2018-08-08,"19-F142/E82",NA,2,NA,10,3968.0268705,0.389999985694885,"None",46
"228","E83",NA,2018-08-14,"North","Lower Sac River Ship Channel","Sac DW Ship Channel","2018_3","19-03-LSSC01",38.36973,-121.6314,2018-08-14,"19-F141/E83",NA,1,NA,10,3483.77594796,0.649999976158142,"None",45
"229","E84",NA,2018-08-14,"North","Lower Sac River Ship Channel","Sac DW Ship Channel","2018_3","19-03-LSSC01",38.36973,-121.6314,2018-08-14,"19-F142/E84",NA,1,NA,10,3483.77594796,0.649999976158142,"None",40
"230","E85",NA,2018-08-14,"North","Lower Sac River Ship Channel","Sac DW Ship Channel","2018_3","19-03-LSSC01",38.36973,-121.6314,2018-08-14,"19-F143/E85",NA,1,NA,10,3483.77594796,0.649999976158142,"None",46
"231","E86",NA,2018-08-14,"North","Lower Sac River Ship Channel","Sac DW Ship Channel","2018_3","19-03-LSSC01",38.36973,-121.6314,2018-08-14,"19-F144/E86",NA,1,NA,10,3483.77594796,0.649999976158142,"None",46
"232","E87",NA,2018-08-14,"North","Lower Sac River Ship Channel","Sac DW Ship Channel","2018_3","19-03-LSSC01",38.36973,-121.6314,2018-08-14,"19-F145/E87",NA,1,NA,10,3483.77594796,0.649999976158142,"None",44
"233","E88",NA,2018-08-20,"North","Lower Sac River Ship Channel","Sac DW Ship Channel","2018_3","19-04-LSSC03",38.39844,-121.6186,2018-08-20,"E88",NA,2,NA,10,3081.41296848,0.219999998807907,"None",45
"234","E89",NA,2018-08-20,"North","Lower Sac River Ship Channel","Sac DW Ship Channel","2018_3","19-04-LSSC05",38.34834,-121.64168,2018-08-20,"19-F146/E89",NA,1,NA,10,2666.58145446,0.400000005960464,"None",41
"235","E90",NA,2018-08-20,"North","Lower Sac River Ship Channel","Sac DW Ship Channel","2018_3","19-04-LSSC05",38.34872,-121.6415,2018-08-20,"19-F147/E90",NA,2,NA,10,3630.36547566,0.379999995231628,"None",45
"236","E91",NA,2018-08-27,"North","Lower Sac River Ship Channel","Sac DW Ship Channel","2018_3","19-05-LSSC05",38.33368,-121.64687,2018-08-27,"19-F148/E91",NA,3,NA,10,3526.23636288,0.310000002384186,"None",51
"237","E92",NA,2018-08-27,"North","Lower Sac River Ship Channel","Sac DW Ship Channel","2018_3","19-05-LSSC05",38.33675,-121.64611,2018-08-27,"19-F151/E92",NA,4,NA,10,2894.7219378,0.400000005960464,"None",48
"238","E93",NA,2018-08-27,"North","Lower Sac River Ship Channel","Sac DW Ship Channel","2018_3","19-05-LSSC05",38.33675,-121.64611,2018-08-27,"19-F149/E93",NA,4,NA,10,2894.7219378,0.400000005960464,"None",49
"239","E94",NA,2018-08-27,"North","Lower Sac River Ship Channel","Sac DW Ship Channel","2018_3","19-05-LSSC05",38.33675,-121.64611,2018-08-27,"19-F150/E94",NA,4,NA,10,2894.7219378,0.400000005960464,"None",48
"240","E95",NA,2018-08-27,"North","Lower Sac River Ship Channel","Sac DW Ship Channel","2018_3","19-05-LSSC05",38.33675,-121.64611,2018-08-27,"19-F152/E95",NA,4,NA,10,2894.7219378,0.400000005960464,"None",40
"241","E96",NA,2018-08-27,"North","Lower Sac River Ship Channel","Sac DW Ship Channel","2018_3","19-05-LSSC05",38.33675,-121.64611,2018-08-27,"19-F153/E96",NA,4,NA,10,2894.7219378,0.400000005960464,"None",47
"242","E97",NA,2018-08-27,"North","Lower Sac River Ship Channel","Sac DW Ship Channel","2018_3","19-05-LSSC05",38.33675,-121.64611,2018-08-27,"19-F154/E97",NA,4,NA,10,2894.7219378,0.400000005960464,"None",44
"243","E98",NA,2018-09-10,"North","Lower Sac River Ship Channel","Sac DW Ship Channel","2018_3","19-07-LSSC02",38.3556,-121.63842,2018-09-10,"19-F155/E98",NA,1,NA,10,3372.57009936,0.360000014305115,"None",52
"244","E99",NA,2018-09-10,"North","Lower Sac River Ship Channel","Sac DW Ship Channel","2018_3","19-07-LSSC02",38.3556,-121.63842,2018-09-10,"19-F156/E99",NA,1,NA,10,3372.57009936,0.360000014305115,"None",53
"245","E417","19ST13- 7",2019-07-03,"North","Lower Sac River Ship Channel","Sac DW Ship Channel","2019_3","19-49-LSSC03",38.46482,-121.5879,2019-07-03,"E417",NA,1,NA,10,3803.24002212,0.689999997615814,"None",40
"246","E418","19ST13- 11",2019-07-03,"North","Lower Sac River Ship Channel","Sac DW Ship Channel","2019_3","19-49-LSSC03",38.46526,-121.58754,2019-07-03,"E418",NA,2,NA,10,3749.65902234,0.670000016689301,"None",40
"247","E419","19ST13- 13",2019-07-03,"North","Lower Sac River Ship Channel","Sac DW Ship Channel","2019_3","19-49-LSSC01",38.35681,-121.6373,2019-07-03,"E419",NA,1,NA,10,4808.8104834,0.569999992847443,"None",50
"248","E420","19ST13- 14",2019-07-03,"North","Lower Sac River Ship Channel","Sac DW Ship Channel","2019_3","19-49-LSSC01",38.35681,-121.6373,2019-07-03,"E420",NA,1,NA,10,4808.8104834,0.569999992847443,"None",49
"249","E421","19ST13- 8",2019-07-03,"North","Lower Sac River Ship Channel","Sac DW Ship Channel","2019_3","19-49-LSSC01",38.35681,-121.6373,2019-07-03,"E421",NA,1,NA,10,4808.8104834,0.569999992847443,"None",46
"250","E422","19ST13- 15",2019-07-03,"North","Lower Sac River Ship Channel","Sac DW Ship Channel","2019_3","19-49-LSSC01",38.35814,-121.6369,2019-07-03,"E422",NA,2,NA,10,3288.66023178,0.490000009536743,"None",49
"251","E423","19ST13- 9",2019-07-03,"North","Lower Sac River Ship Channel","Sac DW Ship Channel","2019_3","19-49-LSSC01",38.35814,-121.6369,2019-07-03,"E423",NA,2,NA,10,3288.66023178,0.490000009536743,"None",47
"252","E424","19ST13- 6",2019-07-03,"North","Lower Sac River Ship Channel","Sac DW Ship Channel","2019_3","19-49-LSSC01",38.35814,-121.6369,2019-07-03,"E424",NA,2,NA,10,3288.66023178,0.490000009536743,"None",42
"253","E425","19ST13- 12",2019-07-03,"North","Lower Sac River Ship Channel","Sac DW Ship Channel","2019_3","19-49-LSSC01",38.35814,-121.6369,2019-07-03,"E425",NA,2,NA,10,3288.66023178,0.490000009536743,"None",45
"254","E426","19ST13- 10",2019-07-03,"North","Lower Sac River Ship Channel","Sac DW Ship Channel","2019_3","19-49-LSSC01",38.35814,-121.6369,2019-07-03,"E426",NA,2,NA,10,3288.66023178,0.490000009536743,"None",42
"255","E427","19ST13- 19",2019-07-03,"North","Lower Sac River Ship Channel","Sac DW Ship Channel","2019_3","19-49-LSSC01",38.35814,-121.6369,2019-07-03,"E427",NA,2,NA,10,3288.66023178,0.490000009536743,"None",46
"256","E428","19ST13- 24",2019-07-03,"North","Lower Sac River Ship Channel","Sac DW Ship Channel","2019_3","19-49-LSSC01",38.35814,-121.6369,2019-07-03,"E428",NA,2,NA,10,3288.66023178,0.490000009536743,"None",49
"257","E429","19ST13- 20",2019-07-03,"North","Lower Sac River Ship Channel","Sac DW Ship Channel","2019_3","19-49-LSSC01",38.35814,-121.6369,2019-07-03,"E429",NA,2,NA,10,3288.66023178,0.490000009536743,"None",49
"258","E430","19ST13- 16",2019-07-03,"North","Lower Sac River Ship Channel","Sac DW Ship Channel","2019_3","19-49-LSSC01",38.35814,-121.6369,2019-07-03,"E430",NA,2,NA,10,3288.66023178,0.490000009536743,"None",53
"259","E431","19ST13- 17",2019-07-03,"North","Lower Sac River Ship Channel","Sac DW Ship Channel","2019_3","19-49-LSSC01",38.35814,-121.6369,2019-07-03,"E431",NA,2,NA,10,3288.66023178,0.490000009536743,"None",42
"260","E432","19ST13- 22",2019-07-03,"North","Lower Sac River Ship Channel","Sac DW Ship Channel","2019_3","19-49-LSSC01",38.35814,-121.6369,2019-07-03,"E432",NA,2,NA,10,3288.66023178,0.490000009536743,"None",43
"261","E433","19ST13- 23",2019-07-03,"North","Lower Sac River Ship Channel","Sac DW Ship Channel","2019_3","19-49-LSSC01",38.35814,-121.6369,2019-07-03,"E433",NA,2,NA,10,3288.66023178,0.490000009536743,"None",43
"262","E434","19ST13- 25",2019-07-03,"North","Lower Sac River Ship Channel","Sac DW Ship Channel","2019_3","19-49-LSSC01",38.35814,-121.6369,2019-07-03,"E434",NA,2,NA,10,3288.66023178,0.490000009536743,"None",47
"263","E435","19ST13- 18",2019-07-03,"North","Lower Sac River Ship Channel","Sac DW Ship Channel","2019_3","19-49-LSSC01",38.35814,-121.6369,2019-07-03,"E435",NA,2,NA,10,3288.66023178,0.490000009536743,"None",46
"264","E436","19ST13- 21",2019-07-03,"North","Lower Sac River Ship Channel","Sac DW Ship Channel","2019_3","19-49-LSSC01",38.35814,-121.6369,2019-07-03,"E436",NA,2,NA,10,3288.66023178,0.490000009536743,"None",46
"265","E437","19ST13- 27",2019-07-03,"North","Lower Sac River Ship Channel","Sac DW Ship Channel","2019_3","19-49-LSSC01",38.35814,-121.6369,2019-07-03,"E437",NA,2,NA,10,3288.66023178,0.490000009536743,"None",48
"266","E438","19ST13- 31",2019-07-03,"North","Lower Sac River Ship Channel","Sac DW Ship Channel","2019_3","19-49-LSSC01",38.35814,-121.6369,2019-07-03,"E438",NA,2,NA,10,3288.66023178,0.490000009536743,"None",35
"267","E439","19ST13- 30",2019-07-03,"North","Lower Sac River Ship Channel","Sac DW Ship Channel","2019_3","19-49-LSSC01",38.35814,-121.6369,2019-07-03,"E439",NA,2,NA,10,3288.66023178,0.490000009536743,"None",47
"268","E440","19ST13- 34",2019-07-03,"North","Lower Sac River Ship Channel","Sac DW Ship Channel","2019_3","19-49-LSSC01",38.35814,-121.6369,2019-07-03,"E440",NA,2,NA,10,3288.66023178,0.490000009536743,"None",40
"269","E441","19ST13- 32",2019-07-03,"North","Lower Sac River Ship Channel","Sac DW Ship Channel","2019_3","19-49-LSSC01",38.35814,-121.6369,2019-07-03,"E441",NA,2,NA,10,3288.66023178,0.490000009536743,"None",44
"270","E442","19ST13- 28",2019-07-03,"North","Lower Sac River Ship Channel","Sac DW Ship Channel","2019_3","19-49-LSSC01",38.35814,-121.6369,2019-07-03,"E442",NA,2,NA,10,3288.66023178,0.490000009536743,"None",44
"271","E443","19ST13- 26",2019-07-03,"North","Lower Sac River Ship Channel","Sac DW Ship Channel","2019_3","19-49-LSSC01",38.35814,-121.6369,2019-07-03,"E443",NA,2,NA,10,3288.66023178,0.490000009536743,"None",50
"272","E444","19ST13- 35",2019-07-03,"North","Lower Sac River Ship Channel","Sac DW Ship Channel","2019_3","19-49-LSSC01",38.35814,-121.6369,2019-07-03,"E444",NA,2,NA,10,3288.66023178,0.490000009536743,"None",43
"273","E445","19ST13- 33",2019-07-03,"North","Lower Sac River Ship Channel","Sac DW Ship Channel","2019_3","19-49-LSSC01",38.35814,-121.6369,2019-07-03,"E445",NA,2,NA,10,3288.66023178,0.490000009536743,"None",40
"274","E446","19ST13- 29",2019-07-03,"North","Lower Sac River Ship Channel","Sac DW Ship Channel","2019_3","19-49-LSSC01",38.35814,-121.6369,2019-07-03,"E446",NA,2,NA,10,3288.66023178,0.490000009536743,"None",41
"275","E447","19ST13- 41",2019-07-03,"North","Lower Sac River Ship Channel","Sac DW Ship Channel","2019_3","19-49-LSSC01",38.35814,-121.6369,2019-07-03,"E447",NA,2,NA,10,3288.66023178,0.490000009536743,"None",43
"276","E448","19ST13- 42",2019-07-03,"North","Lower Sac River Ship Channel","Sac DW Ship Channel","2019_3","19-49-LSSC02",38.32989,-121.64864,2019-07-03,"E448",NA,1,NA,10,3170.37764736,0.560000002384186,"None",54
"277","E449","19ST13- 40",2019-07-03,"North","Lower Sac River Ship Channel","Sac DW Ship Channel","2019_3","19-49-LSSC02",38.32989,-121.64864,2019-07-03,"E449",NA,1,NA,10,3170.37764736,0.560000002384186,"None",46
"278","E450","19ST13- 44",2019-07-03,"North","Lower Sac River Ship Channel","Sac DW Ship Channel","2019_3","19-49-LSSC02",38.32989,-121.64864,2019-07-03,"E450",NA,1,NA,10,3170.37764736,0.560000002384186,"None",44
"279","E451","19ST13- 43",2019-07-03,"North","Lower Sac River Ship Channel","Sac DW Ship Channel","2019_3","19-49-LSSC02",38.32989,-121.64864,2019-07-03,"E451",NA,1,NA,10,3170.37764736,0.560000002384186,"None",48
"280","E452","19ST13- 38",2019-07-03,"North","Lower Sac River Ship Channel","Sac DW Ship Channel","2019_3","19-49-LSSC02",38.32989,-121.64864,2019-07-03,"E452",NA,1,NA,10,3170.37764736,0.560000002384186,"None",48
"281","E453","19ST13- 39",2019-07-03,"North","Lower Sac River Ship Channel","Sac DW Ship Channel","2019_3","19-49-LSSC02",38.33111,-121.64835,2019-07-03,"E453",NA,2,NA,10,3805.59893406,0.519999980926514,"None",50
"282","E454","19ST13- 36",2019-07-03,"North","Lower Sac River Ship Channel","Sac DW Ship Channel","2019_3","19-49-LSSC02",38.33111,-121.64835,2019-07-03,"E454",NA,2,NA,10,3805.59893406,0.519999980926514,"None",42
"283","E455","19ST13- 45",2019-07-03,"North","Lower Sac River Ship Channel","Sac DW Ship Channel","2019_3","19-49-LSSC02",38.33111,-121.64835,2019-07-03,"E455",NA,2,NA,10,3805.59893406,0.519999980926514,"None",45
"284","E456","19ST13- 37",2019-07-03,"North","Lower Sac River Ship Channel","Sac DW Ship Channel","2019_3","19-49-LSSC02",38.33111,-121.64835,2019-07-03,"E456",NA,2,NA,10,3805.59893406,0.519999980926514,"None",45
"285","E457","19ST13- 3",2019-07-03,"North","Lower Sac River Ship Channel","Sac DW Ship Channel","2019_3","19-49-LSSC02",38.33111,-121.64835,2019-07-03,"E457",NA,2,NA,10,3805.59893406,0.519999980926514,"None",49
"286","E458","19ST13- 4",2019-07-03,"North","Lower Sac River Ship Channel","Sac DW Ship Channel","2019_3","19-49-LSSC02",38.33111,-121.64835,2019-07-03,"E458",NA,2,NA,10,3805.59893406,0.519999980926514,"None",46
"287","E459","19ST13- 5",2019-07-03,"North","Lower Sac River Ship Channel","Sac DW Ship Channel","2019_3","19-49-LSSC02",38.33111,-121.64835,2019-07-03,"E459",NA,2,NA,10,3805.59893406,0.519999980926514,"None",54
"288","E327","19ST13- 1",2019-07-03,"West","Suisun Marsh","Suisun Marsh","2019_3","19-49-SM01",38.12564,-121.89763,2019-07-03,"E327",NA,4,NA,10,3494.5595454,0.300000011920929,"None",40
"289","E328","19ST13- 2",2019-07-03,"West","Suisun Marsh","Suisun Marsh","2019_3","19-49-SM01",38.12564,-121.89763,2019-07-03,"E328",NA,4,NA,10,3494.5595454,0.300000011920929,"None",37
"290","E460","19ST13- 47",2019-07-10,"North","Cache Slough and Liberty Island","Cache Slough LI","2019_3","19-50-CS05",38.2478,-121.67534,2019-07-10,"E460",NA,1,NA,10,4705.69233288,1.07000005245209,"None",37
"291","E554","19ST13- 55",2019-07-09,"North","Lower Sac River Ship Channel","Sac DW Ship Channel","2019_3","19-50-LSSC05",38.36772,-121.63281,2019-07-09,"E554",NA,1,NA,10,3745.95216072,0.360000014305115,"None",48
"292","E555","19ST13- 46",2019-07-08,"North","Lower Sac River Ship Channel","Sac DW Ship Channel","2019_3","19-50-LSSC03",38.31553,-121.65139,2019-07-08,"E555",NA,1,NA,10,4241.99764296,0.810000002384186,"None",45
"293","E556","19ST13- 50",2019-07-08,"North","Lower Sac River Ship Channel","Sac DW Ship Channel","2019_3","19-50-LSSC03",38.31553,-121.65139,2019-07-08,"E556",NA,1,NA,10,4241.99764296,0.810000002384186,"None",41
"294","E557","19ST13- 48",2019-07-08,"North","Lower Sac River Ship Channel","Sac DW Ship Channel","2019_3","19-50-LSSC03",38.31553,-121.65139,2019-07-08,"E557",NA,1,NA,10,4241.99764296,0.810000002384186,"None",53
"295","E558","19ST13- 52",2019-07-08,"North","Lower Sac River Ship Channel","Sac DW Ship Channel","2019_3","19-50-LSSC03",38.31553,-121.65139,2019-07-08,"E558",NA,1,NA,10,4241.99764296,0.810000002384186,"None",50
"296","E559","19ST13- 56",2019-07-08,"North","Lower Sac River Ship Channel","Sac DW Ship Channel","2019_3","19-50-LSSC02",38.37482,-121.62952,2019-07-08,"E559",NA,1,NA,10,4170.55630992,0.529999971389771,"None",37
"297","E560","19ST13- 53",2019-07-08,"North","Lower Sac River Ship Channel","Sac DW Ship Channel","2019_3","19-50-LSSC02",38.37482,-121.62952,2019-07-08,"E560",NA,1,NA,10,4170.55630992,0.529999971389771,"None",43
"298","E561","19ST13- 51",2019-07-08,"North","Lower Sac River Ship Channel","Sac DW Ship Channel","2019_3","19-50-LSSC02",38.37482,-121.62952,2019-07-08,"E561",NA,1,NA,10,4170.55630992,0.529999971389771,"None",51
"299","E562","19ST13- 49",2019-07-08,"North","Lower Sac River Ship Channel","Sac DW Ship Channel","2019_3","19-50-LSSC02",38.37482,-121.62952,2019-07-08,"E562",NA,1,NA,10,4170.55630992,0.529999971389771,"None",39
"300","E563","19ST13- 70",2019-07-08,"North","Lower Sac River Ship Channel","Sac DW Ship Channel","2019_3","19-50-LSSC02",38.37482,-121.62952,2019-07-08,"E563",NA,1,NA,10,4170.55630992,0.529999971389771,"None",46
"301","E564","19ST13- 54",2019-07-08,"North","Lower Sac River Ship Channel","Sac DW Ship Channel","2019_3","19-50-LSSC02",38.37482,-121.62952,2019-07-08,"E564",NA,1,NA,10,4170.55630992,0.529999971389771,"None",47
"302","E194","19ST13- 64",2019-07-05,"West","Mid Suisun Bay","Suisun Bay","2019_3","19-49-SBM02",38.07292,-121.97254,2019-07-05,"E194",NA,1,NA,10,3837.27575154,0.28999999165535,"None",38
"303","E329","19ST13- 66",2019-07-09,"West","Suisun Marsh","Suisun Marsh","2019_3","19-50-SM03",38.16149,-122.04685,2019-07-09,"E329",NA,4,NA,10,4001.7256125,0.180000007152557,"None",36
"304","E330","19ST13- 65",2019-07-10,"West","Mid Suisun Bay","Suisun Bay","2019_3","19-50-SBM01",38.09675,-122.02365,2019-07-10,"E330",NA,2,NA,10,3873.33340548,0.200000002980232,"None",54
"305","E195","19ST13- 63",2019-07-15,"West","Honker Bay","Suisun Bay","2019_3","19-51-HB01",38.04998,-121.95425,2019-07-15,"E195",NA,NA,NA,NA,NA,NA,"None",56
"306","E196","19ST13- 58",2019-07-15,"West","Mid Suisun Bay","Suisun Bay","2019_3","19-51-SBM01",38.09323,-122.0551,2019-07-15,"E196",NA,2,NA,10,4168.5343854,0.389999985694885,"None",37
"307","E197","19ST13- 59",2019-07-17,"West","Lower Sacramento River","Lower Sacramento","2019_3","19-51-LSR02",38.06283,-121.80785,2019-07-17,"E197",NA,2,NA,10,4922.37524394,0.330000013113022,"None",52
"308","E198","19ST13- 60",2019-07-17,"West","Lower Sacramento River","Lower Sacramento","2019_3","19-51-LSR02",38.06283,-121.80785,2019-07-17,"E198",NA,2,NA,10,4922.37524394,0.330000013113022,"None",37
"309","E199","19ST13- 57",2019-07-17,"West","Lower Sacramento River","Lower Sacramento","2019_3","19-51-LSR03",38.07486,-121.77134,2019-07-17,"E199",NA,4,NA,10,4188.7536306,0.740000009536743,"None",54
"310","E331","19ST13- 61",2019-07-16,"Far West","West Suisun Bay","Suisun Bay","2019_3","19-51-SBW02",38.05958,-122.11303,2019-07-16,"E331",NA,2,NA,10,4879.91482902,0.200000002980232,"None",45
"311","E553","19ST13- 62",2019-07-15,"North","Lower Sac River Ship Channel","Sac DW Ship Channel","2019_3","19-51-LSSC02",38.47197,-121.58434,2019-07-15,"E553",NA,4,NA,10,3747.3001104,0.509999990463257,"None",42
"312","E200","19ST13- 71",2019-07-24,"West","Lower Sacramento River","Lower Sacramento","2019_3","19-52-LSR01",38.07001,-121.83855,2019-07-24,"E200",NA,1,NA,10,3406.60582878,0.439999997615814,"None",42
"313","E461","19ST13- 75",2019-07-24,"North","Lower Sac River Ship Channel","Sac DW Ship Channel","2019_3","19-52-LSSC03",38.38347,-121.62565,2019-07-24,"D-01/E461",NA,1,NA,10,4026.66268158,0.349999994039536,"None",50
"314","E462","19ST13- 67",2019-07-24,"North","Lower Sac River Ship Channel","Sac DW Ship Channel","2019_3","19-52-LSSC03",38.38172,-121.62624,2019-07-24,"D-06/E462",NA,2,NA,10,3871.64846838,0.360000014305115,"None",44
"315","E463","19ST13- 68",2019-07-24,"North","Lower Sac River Ship Channel","Sac DW Ship Channel","2019_3","19-52-LSSC03",38.38172,-121.62624,2019-07-24,"D-07/E463",NA,2,NA,10,3871.64846838,0.360000014305115,"None",44
"316","E549","19ST13- 73",2019-07-24,"North","Lower Sac River Ship Channel","Sac DW Ship Channel","2019_3","19-52-LSSC03",38.38172,-121.62624,2019-07-24,"D-05/E549",NA,2,NA,10,3871.64846838,0.360000014305115,"None",45
"317","E550","19ST13- 78",2019-07-24,"North","Lower Sac River Ship Channel","Sac DW Ship Channel","2019_3","19-52-LSSC03",38.38172,-121.62624,2019-07-24,"D-04/E550",NA,2,NA,10,3871.64846838,0.360000014305115,"None",51
"318","E551","19ST13- 72",2019-07-24,"North","Lower Sac River Ship Channel","Sac DW Ship Channel","2019_3","19-52-LSSC03",38.38172,-121.62624,2019-07-24,"D-03/E551",NA,2,NA,10,3871.64846838,0.360000014305115,"None",40
"319","E552","19ST13- 69",2019-07-24,"North","Lower Sac River Ship Channel","Sac DW Ship Channel","2019_3","19-52-LSSC03",38.38172,-121.62624,2019-07-24,"D-02/E552",NA,2,NA,10,3871.64846838,0.360000014305115,"None",50
"320","E464","19ST13- 76",2019-07-25,"North","Lower Sac River Ship Channel","Sac DW Ship Channel","2019_3","19-52-LSSC02",38.45739,-121.59083,2019-07-25,"D-08/E464",NA,1,NA,10,4044.18602742,0.490000009536743,"None",45
"321","E465","19ST13- 77",2019-07-25,"North","Lower Sac River Ship Channel","Sac DW Ship Channel","2019_3","19-52-LSSC02",38.45739,-121.59083,2019-07-25,"D-09/E465",NA,1,NA,10,4044.18602742,0.490000009536743,"None",42
"322","E466","19ST13- 74",2019-07-25,"North","Lower Sac River Ship Channel","Sac DW Ship Channel","2019_3","19-52-LSSC02",38.45739,-121.59083,2019-07-25,"D-10/E466",NA,1,NA,10,4044.18602742,0.490000009536743,"None",42
"323","E467","19ST13- 79",2019-07-25,"North","Lower Sac River Ship Channel","Sac DW Ship Channel","2019_3","19-52-LSSC02",38.45739,-121.59083,2019-07-25,"D-11/E467",NA,1,NA,10,4044.18602742,0.490000009536743,"None",40
"324","E332","19ST13- 81",2019-07-30,"Far West","West Suisun Bay","Suisun Bay","2019_3","19-53-SBW01",38.06193,-122.11388,2019-07-30,"E332",NA,2,NA,10,6248.42074164,0.170000001788139,"None",46
"325","E333","19ST13- 82",2019-07-30,"West","Mid Suisun Bay","Suisun Bay","2019_3","19-53-SBM03",38.09138,-122.0084,2019-07-30,"E333",NA,1,NA,10,5306.54090274,0.540000021457672,"None",54
"326","E334","19ST13- 89",2019-07-30,"West","Mid Suisun Bay","Suisun Bay","2019_3","19-53-SBM03",38.09138,-122.0084,2019-07-30,"E334",NA,1,NA,10,5306.54090274,0.540000021457672,"None",46
"327","E335","19ST13- 83",2019-07-31,"West","Grizzly Bay","Suisun Marsh","2019_3","19-53-GB01",38.10887,-122.05837,2019-07-31,"E335",NA,1,NA,10,4117.9862724,0.349999994039536,"None",46
"328","E565","19ST13- 90",2019-07-29,"North","Lower Sac River Ship Channel","Sac DW Ship Channel","2019_3","19-53-LSSC02",38.41468,-121.61077,2019-07-29,"E565",NA,1,NA,10,4240.31270586,0.449999988079071,"None",46
"329","E566","19ST13- 86",2019-07-29,"North","Lower Sac River Ship Channel","Sac DW Ship Channel","2019_3","19-53-LSSC02",38.41468,-121.61077,2019-07-29,"E566",NA,1,NA,10,4240.31270586,0.449999988079071,"None",47
"330","E567","19ST13- 84",2019-07-29,"North","Lower Sac River Ship Channel","Sac DW Ship Channel","2019_3","19-53-LSSC02",38.41468,-121.61077,2019-07-29,"E567",NA,1,NA,10,4240.31270586,0.449999988079071,"None",43
"331","E568","19ST13- 88",2019-07-29,"North","Lower Sac River Ship Channel","Sac DW Ship Channel","2019_3","19-53-LSSC02",38.41681,-121.60992,2019-07-29,"E568",NA,2,NA,10,3698.4369345,0.479999989271164,"None",39
"332","E569","19ST13- 85",2019-07-29,"North","Lower Sac River Ship Channel","Sac DW Ship Channel","2019_3","19-53-LSSC02",38.41681,-121.60992,2019-07-29,"E569",NA,2,NA,10,3698.4369345,0.479999989271164,"None",40
"333","E570","19ST13- 80",2019-07-29,"North","Lower Sac River Ship Channel","Sac DW Ship Channel","2019_3","19-53-LSSC01",38.28959,-121.65822,2019-07-29,"E570",NA,NA,NA,NA,NA,NA,"None",49
"334","E571","19ST13- 91",2019-07-30,"North","Lower Sac River Ship Channel","Sac DW Ship Channel","2019_3","19-53-LSSC04",38.25185,-121.668,2019-07-30,"D-12/E571",NA,2,NA,10,3128.59120728,0.709999978542328,"None",43
"335","E572","19ST13- 87",2019-07-30,"North","Lower Sac River Ship Channel","Sac DW Ship Channel","2019_3","19-53-LSSC04",38.25185,-121.668,2019-07-30,"D-13/E572",NA,2,NA,10,3128.59120728,0.709999978542328,"None",53
"336","E573","19ST13- 92",2019-08-08,"North","Lower Sac River Ship Channel","Sac DW Ship Channel","2019_3","20-02-LSSC02",38.33503,-121.64681,2019-08-08,"D-14/E573",NA,3,NA,10,4007.79138606,0.600000023841858,"None",51
"337","E336","19ST13- 93",2019-08-06,"West","Suisun Marsh","Suisun Marsh","2019_3","20-02-SM03",38.13619,-122.05483,2019-08-06,"E336",NA,1,NA,10,3870.97449354,0.28999999165535,"None",57
"338","E574","19ST13- 103",2019-08-19,"North","Lower Sac River Ship Channel","Sac DW Ship Channel","2019_3","20-04-LSSC02",38.4134,-121.61082,2019-08-19,"D-33/E574",NA,1,NA,10,3859.51692126,0.569999992847443,"None",49
"339","E296","19ST13- 102",2019-08-21,"West","Honker Bay","Suisun Bay","2019_3","20-04-HB01",38.05063,-121.96746,2019-08-21,"D-27/E296",NA,4,NA,10,4565.50556616,0.419999986886978,"None",54
"340","E201","19ST13- 104",2019-09-13,"West","Mid Suisun Bay","Suisun Bay","2019_3","20-07-SBM01",38.07009,-121.97523,2019-09-13,"D-19/E201",NA,4,NA,10,3704.16572064,0.300000011920929,"None",49
"341","E474","19ST13- 105",2019-09-09,"North","Lower Sac River Ship Channel","Sac DW Ship Channel","2019_3","20-07-LSSC01",38.41076,-121.61233,2019-09-09,"D-34/E474",NA,1,NA,10,3339.5453322,0.469999998807907,"None",37
"342","E475","19ST13- 106",2019-09-10,"North","Lower Sac River Ship Channel","Sac DW Ship Channel","2019_3","20-07-LSSC03",38.35171,-121.64003,2019-09-10,"D-35/E475",NA,2,NA,10,2724.5432907,0.540000021457672,"None",50
"343","E202","19ST13- 107",2019-09-17,"West","Confluence","Suisun Bay","2019_3","20-08-CF01",38.04768,-121.87366,2019-09-17,"E202",NA,1,NA,10,4011.49824768,0.560000002384186,"None",49
"344","E203","19ST13- 108",2019-09-17,"West","Confluence","Suisun Bay","2019_3","20-08-CF01",38.05215,-121.87249,2019-09-17,"E203",NA,2,NA,10,3686.97936222,0.469999998807907,"None",53
"345","E575","19ST13- 109",2019-09-24,"North","Lower Sac River Ship Channel","Sac DW Ship Channel","2019_3","20-09-LSSC04",38.38758,-121.6231,2019-09-24,"D-38/E575",NA,4,NA,10,4320.1787244,0.219999998807907,"None",40
"346","E576","19ST13- 110",2019-10-08,"North","Lower Sac River Ship Channel","Sac DW Ship Channel","2019_3","20-11-LSSC04",38.39797,-121.61851,2019-10-08,"D-36/E576",NA,2,NA,10,4075.18887006,0.409999996423721,"None",53
"347","E204","19ST13- 111",2019-10-07,"West","Lower Sacramento River","Lower Sacramento","2019_3","20-11-LSR03",38.06559,-121.81806,2019-10-07,"D-28/E204",NA,3,NA,10,3782.00981466,0.860000014305115,"None",57
"348","E577","19ST13- 112",2019-10-15,"North","Lower Sac River Ship Channel","Sac DW Ship Channel","2019_3","20-12-LSSC01",38.354,-121.63878,2019-10-15,"D-37/E577",NA,3,NA,10,3185.87906868,0.259999990463257,"None",47
"349","E339","19ST13- 113",2019-10-22,"West","Honker Bay","Suisun Bay","2019_3","20-13-HB01",38.06036,-121.95545,2019-10-22,"D-24/E339",NA,4,NA,10,3914.78285814,0.419999986886978,"None",55
"350","E205","19ST13- 114",2019-10-23,"West","Confluence","Suisun Bay","2019_3","20-13-CF01",38.04918,-121.92959,2019-10-23,"D-29/E205",NA,1,NA,10,5170.73497248,0.660000026226044,"None",54
"351","E468","19ST13- 99",2019-08-16,"North","Lower Sac River Ship Channel","Sac DW Ship Channel","2019_3","20-03-LSSC02",38.41247,-121.6119,2019-08-16,"D-18/E468",NA,2,NA,10,3633.73534986,0.479999989271164,"None",51
"352","E469","19ST13- 94",2019-08-16,"North","Lower Sac River Ship Channel","Sac DW Ship Channel","2019_3","20-03-LSSC02",38.41247,-121.6119,2019-08-16,"D-17/E469",NA,2,NA,10,3633.73534986,0.479999989271164,"None",50
"353","E470","19ST13- 97",2019-08-16,"North","Lower Sac River Ship Channel","Sac DW Ship Channel","2019_3","20-03-LSSC02",38.41247,-121.6119,2019-08-16,"D-16/E470",NA,2,NA,10,3633.73534986,0.479999989271164,"None",50
"354","E471","19ST13- 98",2019-08-16,"North","Lower Sac River Ship Channel","Sac DW Ship Channel","2019_3","20-03-LSSC02",38.41247,-121.6119,2019-08-16,"D-15/E471",NA,2,NA,10,3633.73534986,0.479999989271164,"None",41
"355","E472","19ST13- 101",2019-08-16,"North","Lower Sac River Ship Channel","Sac DW Ship Channel","2019_3","20-03-LSSC02",38.41247,-121.6119,2019-08-16,"D-31/E472",NA,NA,NA,NA,NA,NA,"None",49
"356","E473","19ST13- 100",2019-08-16,"North","Lower Sac River Ship Channel","Sac DW Ship Channel","2019_3","20-03-LSSC02",38.41247,-121.6119,2019-08-16,"D-32/E473",NA,NA,NA,NA,NA,NA,"None",48
"357","E337","19ST13- 96",2019-08-13,"West","Honker Bay","Suisun Bay","2019_3","20-03-HB01",38.05745,-121.95162,2019-08-13,"E337",NA,2,NA,10,6020.95423314,0.419999986886978,"None",47
"358","E338","19ST13- 95",2019-08-16,"West","Suisun Marsh","Suisun Marsh","2019_3","20-03-SM06",38.13022,-122.08261,2019-08-16,"E338",NA,4,NA,10,4375.10767386,0.330000013113022,"None",50
"359","E206","19ST13- 115",2019-10-28,"West","Lower Sacramento River","Lower Sacramento","2019_3","20-14-LSR01",38.06504,-121.81791,2019-10-28,"D-30/E206",NA,4,NA,10,3820.76336796,0.5,"None",53
"360","E476","19ST13- 116",2019-10-29,"North","Lower Sac River Ship Channel","Sac DW Ship Channel","2019_3","20-14-LSSC05",38.43428,-121.60153,2019-10-29,"D-39/E476",NA,4,NA,10,3615.20104176,0.219999998807907,"None",43
"361","E340",NA,NA,"North","Lower Sac River Ship Channel","Sac DW Ship Channel","2019_3","19-50-LSSC02",38.37482,-121.62952,2019-07-08,"E340",NA,1,NA,10,4170.55630992,0.529999971389771,"None",45
"362","E341",NA,NA,"North","Lower Sac River Ship Channel","Sac DW Ship Channel","2019_3","19-50-LSSC05",38.36772,-121.63281,2019-07-09,"E341",NA,1,NA,10,3745.95216072,0.360000014305115,"None",48
"363","E342",NA,NA,"North","Lower Sac River Ship Channel","Sac DW Ship Channel","2019_3","19-53-LSSC05",38.43616,-121.60023,2019-07-30,"E342",NA,1,NA,10,3360.10156482,0.270000010728836,"None",50
"364","E207",NA,2020-08-06,"West","Lower Sacramento River","Lower Sacramento","2020_3","21-02-LSR03",38.06525,-121.78612,2020-08-06,"E207",NA,4,NA,10,4584.03987426,0.600000023841858,"None",55
"365","E220",NA,2020-07-08,"West","Lower Sacramento River","Lower Sacramento","2020_3","20-50-LSR01",38.08653,-121.74931,2020-07-08,"E220",NA,3,NA,10,4548.99318258,0.439999997615814,"None",45
"366","E221",NA,2020-07-08,"West","Lower Sacramento River","Lower Sacramento","2020_3","20-50-LSR01",38.0857,-121.75044,2020-07-08,"E221",NA,4,NA,10,4821.27901794,0.560000002384186,"None",41
"367","E222",NA,2020-07-08,"West","Lower Sacramento River","Lower Sacramento","2020_3","20-50-LSR01",38.08653,-121.74931,2020-07-08,"E222",NA,3,NA,10,4548.99318258,0.439999997615814,"None",33
"368","E223",NA,2020-07-09,"North","Sacramento River near Rio Vista","Lower Sacramento","2020_3","20-50-RV02",38.10528,-121.71934,2020-07-09,"E223",NA,3,NA,10,3287.64926952,0.680000007152557,"None",53
"369","E224",NA,2020-07-02,"North","Lower Sac River Ship Channel","Sac DW Ship Channel","2020_3","20-49-LSSC05",38.33568,-121.64635,2020-07-02,"E224",NA,2,NA,10,3936.0130656,0.419999986886978,"None",45
"370","E225",NA,2020-07-06,"North","Lower Sac River Ship Channel","Sac DW Ship Channel","2020_3","20-50-LSSC01",38.28902,-121.65773,2020-07-06,"E225",NA,4,NA,10,3931.63222914,0.600000023841858,"None",46
"371","E226",NA,2020-07-06,"North","Lower Sac River Ship Channel","Sac DW Ship Channel","2020_3","20-50-LSSC02",38.367,-121.63262,2020-07-06,"E226",NA,3,NA,10,3598.35167076,0.270000010728836,"None",49
"372","E227",NA,2020-07-07,"North","Lower Sac River Ship Channel","Sac DW Ship Channel","2020_3","20-50-LSSC05",38.35125,-121.63983,2020-07-07,"E227",NA,1,NA,10,4012.17222252,0.300000011920929,"None",43
"373","E228",NA,2020-07-15,"North","Lower Sac River Ship Channel","Sac DW Ship Channel","2020_3","20-51-LSSC02",38.42671,-121.6048,2020-07-15,"E228",NA,3,NA,10,3891.53072616,0.579999983310699,"None",43
"374","E229",NA,2020-08-05,"North","Lower Sac River Ship Channel","Sac DW Ship Channel","2020_3","21-02-LSSC05",38.31979,-121.65055,2020-08-05,"E229",NA,4,NA,10,3231.37237038,0.25,"None",45
"375","E230",NA,2020-08-12,"North","Lower Sac River Ship Channel","Sac DW Ship Channel","2020_3","21-03-LSSC01",38.39373,-121.62063,2020-08-12,"E230",NA,4,NA,10,3581.83928718,0.159999996423721,"None",39
"376","E231",NA,2020-08-13,"North","Lower Sac River Ship Channel","Sac DW Ship Channel","2020_3","21-03-LSSC05",38.30643,-121.65414,2020-08-13,"E231",NA,2,NA,10,3630.70246308,0.28999999165535,"None",56
"377","E232",NA,2019-07-03,"West","Suisun Marsh","Suisun Marsh","2019_3","19-49-SM02",38.18109,-121.92185,2019-07-03,"W-37/E232",NA,1,NA,10,3294.0520305,0.180000007152557,"None",43
"378","E233",NA,2019-07-03,"West","Suisun Marsh","Suisun Marsh","2019_3","19-49-SM02",38.18203,-121.92315,2019-07-03,"E233",NA,2,NA,10,3300.45479148,0.170000001788139,"None",37
"379","E477",NA,2020-07-01,"West","Confluence","Suisun Bay","2020_3","20-49-CF01",38.07078,-121.84142,2020-07-01,"E477",NA,1,NA,10,4471.8230634,0.46000000834465,"None",41
"380","E478",NA,2020-07-01,"West","Confluence","Suisun Bay","2020_3","20-49-CF01",38.07081,-121.84149,2020-07-01,"E478",NA,2,NA,10,4352.86650414,0.490000009536743,"None",45
"381","E479",NA,2020-07-21,"West","Grizzly Bay","Suisun Marsh","2020_3","20-52-GB01",38.10681,-122.05213,2020-07-21,"E479",NA,1,NA,10,5186.91036864,0.100000001490116,"None",45
"382","E480",NA,2020-07-08,"West","Lower Sacramento River","Lower Sacramento","2020_3","20-50-LSR01",38.08653,-121.74931,2020-07-08,"E480",NA,3,NA,10,4548.99318258,0.439999997615814,"None",40
"383","E481",NA,2020-07-06,"North","Lower Sac River Ship Channel","Sac DW Ship Channel","2020_3","20-50-LSSC02",38.36361,-121.63449,2020-07-06,"E481",NA,2,NA,10,4170.2193225,0.280000001192093,"None",46
"384","E482",NA,2020-07-06,"North","Lower Sac River Ship Channel","Sac DW Ship Channel","2020_3","20-50-LSSC02",38.36361,-121.63449,2020-07-06,"E482",NA,2,NA,10,4170.2193225,0.280000001192093,"None",43
"385","E483",NA,2020-07-06,"North","Lower Sac River Ship Channel","Sac DW Ship Channel","2020_3","20-50-LSSC02",38.36361,-121.63449,2020-07-06,"E483",NA,2,NA,10,4170.2193225,0.280000001192093,"None",45
"386","E484",NA,2020-08-11,"West","Grizzly Bay","Suisun Marsh","2020_3","21-03-GB01",38.10764,-122.04636,2020-08-11,"E484",NA,1,NA,10,2374.41336132,0.340000003576279,"None",49
"387","E485",NA,2020-06-02,NA,NA,NA,NA,NA,NA,NA,NA,NA,NA,NA,NA,NA,NA,NA,NA,NA
"388","E486",NA,2020-09-23,"West","Suisun Marsh","Suisun Marsh","2020_3","21-09-SM03",38.16903,-122.03966,2020-09-23,"E486",NA,3,NA,10,4125.06300822,0.529999971389771,"None",50
"389","E487",NA,2021-08-20,"North","Lower Sac River Ship Channel","Sac DW Ship Channel","2021_3","22-03-LSSC02",38.29296,-121.65711,2021-08-20,"E487",NA,2,NA,10,3535.33502322,0.490000009536743,"None",52
