"","Source","Region","Year","Month","CPUE","Count","Season"
"1","20mm","Grizzly Bay",2010,3,0,0,"Spring"
"2","20mm","Grizzly Bay",2010,4,0,0,"Spring"
"3","20mm","Grizzly Bay",2010,5,0.000176323883572753,1,"Spring"
"4","20mm","Grizzly Bay",2010,6,0.00136793015758174,7,"Summer"
"5","20mm","Grizzly Bay",2011,3,0,0,"Spring"
"6","20mm","Grizzly Bay",2011,4,0.00112311558937253,6,"Spring"
"7","20mm","Grizzly Bay",2011,5,0.00416039238541808,20,"Spring"
"8","20mm","Grizzly Bay",2011,6,0.00897058382477183,45,"Summer"
"9","20mm","Grizzly Bay",2011,7,0.0219570921967119,65,"Summer"
"10","20mm","Grizzly Bay",2012,3,0.000411399648678188,2,"Spring"
"11","20mm","Grizzly Bay",2012,4,0.000186071122972872,1,"Spring"
"12","20mm","Grizzly Bay",2012,5,0.000442183342015193,2,"Spring"
"13","20mm","Grizzly Bay",2012,6,0,0,"Summer"
"14","20mm","Grizzly Bay",2012,7,0.000404880073686033,1,"Summer"
"15","20mm","Grizzly Bay",2013,3,0,0,"Spring"
"16","20mm","Grizzly Bay",2013,4,0,0,"Spring"
"17","20mm","Grizzly Bay",2013,5,0,0,"Spring"
"18","20mm","Grizzly Bay",2013,6,0,0,"Summer"
"19","20mm","Grizzly Bay",2013,7,0,0,"Summer"
"20","20mm","Grizzly Bay",2014,3,0,0,"Spring"
"21","20mm","Grizzly Bay",2014,4,0,0,"Spring"
"22","20mm","Grizzly Bay",2014,5,0,0,"Spring"
"23","20mm","Grizzly Bay",2014,6,0,0,"Summer"
"24","20mm","Grizzly Bay",2014,7,0,0,"Summer"
"25","20mm","Grizzly Bay",2015,3,0,0,"Spring"
"26","20mm","Grizzly Bay",2015,4,0,0,"Spring"
"27","20mm","Grizzly Bay",2015,5,0,0,"Spring"
"28","20mm","Grizzly Bay",2015,6,0,0,"Summer"
"29","20mm","Grizzly Bay",2015,7,0,0,"Summer"
"30","20mm","Grizzly Bay",2016,3,0,0,"Spring"
"31","20mm","Grizzly Bay",2016,4,0.000173055049462531,1,"Spring"
"32","20mm","Grizzly Bay",2016,5,0,0,"Spring"
"33","20mm","Grizzly Bay",2016,6,0.000348001571187774,2,"Summer"
"34","20mm","Grizzly Bay",2016,7,0.00050098048959489,1,"Summer"
"35","20mm","Grizzly Bay",2017,3,0,0,"Spring"
"36","20mm","Grizzly Bay",2017,4,0,0,"Spring"
"37","20mm","Grizzly Bay",2017,5,0,0,"Spring"
"38","20mm","Grizzly Bay",2017,6,0.000171766834390419,1,"Summer"
"39","20mm","Grizzly Bay",2017,7,0.0031389828803507,8,"Summer"
"40","20mm","Grizzly Bay",2018,3,0,0,"Spring"
"41","20mm","Grizzly Bay",2018,4,0,0,"Spring"
"42","20mm","Grizzly Bay",2018,5,0,0,"Spring"
"43","20mm","Grizzly Bay",2018,6,0,0,"Summer"
"44","20mm","Grizzly Bay",2018,7,0,0,"Summer"
"45","20mm","Grizzly Bay",2019,3,0,0,"Spring"
"46","20mm","Grizzly Bay",2019,4,0,0,"Spring"
"47","20mm","Grizzly Bay",2019,5,0,0,"Spring"
"48","20mm","Grizzly Bay",2019,6,0,0,"Summer"
"49","20mm","Grizzly Bay",2019,7,0,0,"Summer"
"50","20mm","Grizzly Bay",2020,3,0,0,"Spring"
"51","20mm","Grizzly Bay",2020,5,0,0,"Spring"
"52","20mm","Grizzly Bay",2020,6,0,0,"Summer"
"53","20mm","Grizzly Bay",2020,7,0,0,"Summer"
"54","20mm","Grizzly Bay",2021,3,0,0,"Spring"
"55","20mm","Grizzly Bay",2021,4,0,0,"Spring"
"56","20mm","Grizzly Bay",2021,5,0,0,"Spring"
"57","20mm","Grizzly Bay",2021,6,0,0,"Summer"
"58","20mm","Grizzly Bay",2021,7,0,0,"Summer"
"59","20mm","Grizzly Bay",2022,3,0,0,"Spring"
"60","20mm","Grizzly Bay",2022,4,0,0,"Spring"
"61","20mm","Grizzly Bay",2022,5,0,0,"Spring"
"62","20mm","Grizzly Bay",2022,6,0,0,"Summer"
"63","20mm","Grizzly Bay",2023,3,0,0,"Spring"
"64","20mm","Grizzly Bay",2023,4,0,0,"Spring"
"65","20mm","Grizzly Bay",2023,5,0,0,"Spring"
"66","20mm","Grizzly Bay",2023,6,0,0,"Summer"
"67","20mm","Grizzly Bay",2023,7,0,0,"Summer"
"68","20mm","River",2010,3,0.000212414533339286,6,"Spring"
"69","20mm","River",2010,4,5.11768586067792e-05,2,"Spring"
"70","20mm","River",2010,5,0.000950898286698973,33,"Spring"
"71","20mm","River",2010,6,0.000441870432371851,15,"Summer"
"72","20mm","River",2010,7,0.00462056953900525,66,"Summer"
"73","20mm","River",2011,3,3.08178254125645e-05,1,"Spring"
"74","20mm","River",2011,4,0,0,"Spring"
"75","20mm","River",2011,5,0.000151372974913843,5,"Spring"
"76","20mm","River",2011,6,2.90720949576095e-05,1,"Summer"
"77","20mm","River",2011,7,0.000455810238161515,8,"Summer"
"78","20mm","River",2012,3,0.000502187936003055,16,"Spring"
"79","20mm","River",2012,4,0.000339671220630681,11,"Spring"
"80","20mm","River",2012,5,0.00385615232387508,122,"Spring"
"81","20mm","River",2012,6,0.00207905159540941,67,"Summer"
"82","20mm","River",2012,7,0.000124275819772377,2,"Summer"
"83","20mm","River",2013,3,0.000164463776922449,5,"Spring"
"84","20mm","River",2013,4,0.00194953429617558,59,"Spring"
"85","20mm","River",2013,5,0.00281025823652029,81,"Spring"
"86","20mm","River",2013,6,0.00496117144111821,153,"Summer"
"87","20mm","River",2013,7,0.000949010381728022,14,"Summer"
"88","20mm","River",2014,3,6.30713731645168e-05,1,"Spring"
"89","20mm","River",2014,4,0.000148740407067362,7,"Spring"
"90","20mm","River",2014,5,0.000369004280265595,12,"Spring"
"91","20mm","River",2014,6,0.000623700978026791,19,"Summer"
"92","20mm","River",2014,7,0.000131605968645919,2,"Summer"
"93","20mm","River",2015,3,5.39247777113934e-05,1,"Spring"
"94","20mm","River",2015,4,9.87781805969629e-05,4,"Spring"
"95","20mm","River",2015,5,2.88997378586264e-05,1,"Spring"
"96","20mm","River",2015,6,5.44396119818677e-05,2,"Summer"
"97","20mm","River",2015,7,0,0,"Summer"
"98","20mm","River",2016,3,3.33726475963039e-05,1,"Spring"
"99","20mm","River",2016,4,2.90038170772512e-05,1,"Spring"
"100","20mm","River",2016,5,0.000468362638976624,6,"Spring"
"101","20mm","River",2016,6,0.000141303505445366,5,"Summer"
"102","20mm","River",2016,7,0,0,"Summer"
"103","20mm","River",2017,3,3.06986004151435e-05,1,"Spring"
"104","20mm","River",2017,4,0,0,"Spring"
"105","20mm","River",2017,5,0,0,"Spring"
"106","20mm","River",2017,6,0,0,"Summer"
"107","20mm","River",2017,7,0,0,"Summer"
"108","20mm","River",2018,3,5.31378296648387e-05,2,"Spring"
"109","20mm","River",2018,4,0,0,"Spring"
"110","20mm","River",2018,5,0,0,"Spring"
"111","20mm","River",2018,6,0,0,"Summer"
"112","20mm","River",2018,7,0.000185079692859756,2,"Summer"
"113","20mm","River",2019,3,0,0,"Spring"
"114","20mm","River",2019,4,2.76708068498033e-05,1,"Spring"
"115","20mm","River",2019,5,0,0,"Spring"
"116","20mm","River",2019,6,0,0,"Summer"
"117","20mm","River",2019,7,0,0,"Summer"
"118","20mm","River",2020,3,0,0,"Spring"
"119","20mm","River",2020,5,0,0,"Spring"
"120","20mm","River",2020,6,0,0,"Summer"
"121","20mm","River",2020,7,0,0,"Summer"
"122","20mm","River",2021,3,0,0,"Spring"
"123","20mm","River",2021,4,0,0,"Spring"
"124","20mm","River",2021,5,0,0,"Spring"
"125","20mm","River",2021,6,0,0,"Summer"
"126","20mm","River",2021,7,0,0,"Summer"
"127","20mm","River",2022,3,0.000119300817472514,2,"Spring"
"128","20mm","River",2022,4,0,0,"Spring"
"129","20mm","River",2022,5,0,0,"Spring"
"130","20mm","River",2022,6,0,0,"Summer"
"131","20mm","River",2023,3,0,0,"Spring"
"132","20mm","River",2023,4,5.64232165218191e-05,2,"Spring"
"133","20mm","River",2023,5,0,0,"Spring"
"134","20mm","River",2023,6,0,0,"Summer"
"135","20mm","River",2023,7,0,0,"Summer"
"136","20mm","Suisun Bay",2010,3,0,0,"Spring"
"137","20mm","Suisun Bay",2010,4,0.00016080164617809,4,"Spring"
"138","20mm","Suisun Bay",2010,5,0.000130330481465159,2,"Spring"
"139","20mm","Suisun Bay",2010,6,0.00139239810425558,26,"Summer"
"140","20mm","Suisun Bay",2010,7,0,0,"Summer"
"141","20mm","Suisun Bay",2011,3,0,0,"Spring"
"142","20mm","Suisun Bay",2011,4,0.000245280131404525,4,"Spring"
"143","20mm","Suisun Bay",2011,5,0.0014126755270691,23,"Spring"
"144","20mm","Suisun Bay",2011,6,0.00152751170708753,27,"Summer"
"145","20mm","Suisun Bay",2011,7,0.00176331851200399,16,"Summer"
"146","20mm","Suisun Bay",2012,3,0.000551836614076066,9,"Spring"
"147","20mm","Suisun Bay",2012,4,0.000425331025130919,7,"Spring"
"148","20mm","Suisun Bay",2012,5,0.00111365129035591,18,"Spring"
"149","20mm","Suisun Bay",2012,6,0.000176145684111585,3,"Summer"
"150","20mm","Suisun Bay",2012,7,0,0,"Summer"
"151","20mm","Suisun Bay",2013,3,0,0,"Spring"
"152","20mm","Suisun Bay",2013,4,6.29021904885816e-05,1,"Spring"
"153","20mm","Suisun Bay",2013,5,0,0,"Spring"
"154","20mm","Suisun Bay",2013,6,5.69993606206655e-05,1,"Summer"
"155","20mm","Suisun Bay",2013,7,0.00168846550909869,12,"Summer"
"156","20mm","Suisun Bay",2014,3,0,0,"Spring"
"157","20mm","Suisun Bay",2014,4,0,0,"Spring"
"158","20mm","Suisun Bay",2014,5,0,0,"Spring"
"159","20mm","Suisun Bay",2014,6,6.09048303645821e-05,1,"Summer"
"160","20mm","Suisun Bay",2014,7,0,0,"Summer"
"161","20mm","Suisun Bay",2015,3,0,0,"Spring"
"162","20mm","Suisun Bay",2015,4,0,0,"Spring"
"163","20mm","Suisun Bay",2015,5,0,0,"Spring"
"164","20mm","Suisun Bay",2015,6,0,0,"Summer"
"165","20mm","Suisun Bay",2015,7,0,0,"Summer"
"166","20mm","Suisun Bay",2016,3,0,0,"Spring"
"167","20mm","Suisun Bay",2016,4,6.18660723594473e-05,1,"Spring"
"168","20mm","Suisun Bay",2016,5,0,0,"Spring"
"169","20mm","Suisun Bay",2016,6,0,0,"Summer"
"170","20mm","Suisun Bay",2016,7,0,0,"Summer"
"171","20mm","Suisun Bay",2017,3,0,0,"Spring"
"172","20mm","Suisun Bay",2017,4,0,0,"Spring"
"173","20mm","Suisun Bay",2017,5,6.79249941116575e-05,1,"Spring"
"174","20mm","Suisun Bay",2017,6,5.84933855128842e-05,1,"Summer"
"175","20mm","Suisun Bay",2017,7,0,0,"Summer"
"176","20mm","Suisun Bay",2018,3,0,0,"Spring"
"177","20mm","Suisun Bay",2018,4,0,0,"Spring"
"178","20mm","Suisun Bay",2018,5,0,0,"Spring"
"179","20mm","Suisun Bay",2018,6,0,0,"Summer"
"180","20mm","Suisun Bay",2018,7,0,0,"Summer"
"181","20mm","Suisun Bay",2019,3,6.44371526010528e-05,1,"Spring"
"182","20mm","Suisun Bay",2019,4,0,0,"Spring"
"183","20mm","Suisun Bay",2019,5,0,0,"Spring"
"184","20mm","Suisun Bay",2019,6,0,0,"Summer"
"185","20mm","Suisun Bay",2019,7,0,0,"Summer"
"186","20mm","Suisun Bay",2020,3,0,0,"Spring"
"187","20mm","Suisun Bay",2020,5,0,0,"Spring"
"188","20mm","Suisun Bay",2020,6,0,0,"Summer"
"189","20mm","Suisun Bay",2020,7,0,0,"Summer"
"190","20mm","Suisun Bay",2021,3,0,0,"Spring"
"191","20mm","Suisun Bay",2021,4,0,0,"Spring"
"192","20mm","Suisun Bay",2021,5,0,0,"Spring"
"193","20mm","Suisun Bay",2021,6,0,0,"Summer"
"194","20mm","Suisun Bay",2021,7,0,0,"Summer"
"195","20mm","Suisun Bay",2022,3,0,0,"Spring"
"196","20mm","Suisun Bay",2022,4,0,0,"Spring"
"197","20mm","Suisun Bay",2022,5,0,0,"Spring"
"198","20mm","Suisun Bay",2022,6,0,0,"Summer"
"199","20mm","Suisun Bay",2023,3,0,0,"Spring"
"200","20mm","Suisun Bay",2023,4,5.44718779865747e-05,1,"Spring"
"201","20mm","Suisun Bay",2023,5,0,0,"Spring"
"202","20mm","Suisun Bay",2023,6,0,0,"Summer"
"203","20mm","Suisun Bay",2023,7,0,0,"Summer"
"204","20mm","Suisun Marsh",2010,3,0,0,"Spring"
"205","20mm","Suisun Marsh",2010,4,0,0,"Spring"
"206","20mm","Suisun Marsh",2010,5,0.00117602824325093,20,"Spring"
"207","20mm","Suisun Marsh",2010,6,0.00108737466971149,19,"Summer"
"208","20mm","Suisun Marsh",2011,3,0.000122029118451171,2,"Spring"
"209","20mm","Suisun Marsh",2011,4,0.000513085648603792,9,"Spring"
"210","20mm","Suisun Marsh",2011,5,0.00279421306028168,46,"Spring"
"211","20mm","Suisun Marsh",2011,6,0.0140314527827201,252,"Summer"
"212","20mm","Suisun Marsh",2011,7,0.000988350739569035,9,"Summer"
"213","20mm","Suisun Marsh",2012,3,0.000725102024777086,12,"Spring"
"214","20mm","Suisun Marsh",2012,4,0.000787872013838559,13,"Spring"
"215","20mm","Suisun Marsh",2012,5,0.00442970638171799,71,"Spring"
"216","20mm","Suisun Marsh",2012,6,0.00103917435387478,17,"Summer"
"217","20mm","Suisun Marsh",2012,7,0,0,"Summer"
"218","20mm","Suisun Marsh",2013,3,0.000240562849495944,4,"Spring"
"219","20mm","Suisun Marsh",2013,4,6.18676423580538e-05,1,"Spring"
"220","20mm","Suisun Marsh",2013,5,0.00339881580759567,61,"Spring"
"221","20mm","Suisun Marsh",2013,6,0.00315561285647045,56,"Summer"
"222","20mm","Suisun Marsh",2013,7,0,0,"Summer"
"223","20mm","Suisun Marsh",2014,3,0.000132885069691587,1,"Spring"
"224","20mm","Suisun Marsh",2014,4,0,0,"Spring"
"225","20mm","Suisun Marsh",2014,5,0,0,"Spring"
"226","20mm","Suisun Marsh",2014,6,0.000117596216016148,2,"Summer"
"227","20mm","Suisun Marsh",2014,7,0,0,"Summer"
"228","20mm","Suisun Marsh",2015,3,0,0,"Spring"
"229","20mm","Suisun Marsh",2015,4,0,0,"Spring"
"230","20mm","Suisun Marsh",2015,5,0,0,"Spring"
"231","20mm","Suisun Marsh",2015,6,5.36059585479471e-05,1,"Summer"
"232","20mm","Suisun Marsh",2015,7,0,0,"Summer"
"233","20mm","Suisun Marsh",2016,3,0,0,"Spring"
"234","20mm","Suisun Marsh",2016,4,0.000232116954679507,4,"Spring"
"235","20mm","Suisun Marsh",2016,5,0.000115794552281617,2,"Spring"
"236","20mm","Suisun Marsh",2016,6,0,0,"Summer"
"237","20mm","Suisun Marsh",2016,7,0,0,"Summer"
"238","20mm","Suisun Marsh",2017,3,0.000128218800353209,2,"Spring"
"239","20mm","Suisun Marsh",2017,4,5.89695559854662e-05,1,"Spring"
"240","20mm","Suisun Marsh",2017,5,4.79593716087353e-05,1,"Spring"
"241","20mm","Suisun Marsh",2017,6,0,0,"Summer"
"242","20mm","Suisun Marsh",2017,7,0,0,"Summer"
"243","20mm","Suisun Marsh",2018,3,0,0,"Spring"
"244","20mm","Suisun Marsh",2018,4,0,0,"Spring"
"245","20mm","Suisun Marsh",2018,5,0,0,"Spring"
"246","20mm","Suisun Marsh",2018,6,0,0,"Summer"
"247","20mm","Suisun Marsh",2018,7,0,0,"Summer"
"248","20mm","Suisun Marsh",2019,3,0,0,"Spring"
"249","20mm","Suisun Marsh",2019,4,0,0,"Spring"
"250","20mm","Suisun Marsh",2019,5,5.80420629690761e-05,1,"Spring"
"251","20mm","Suisun Marsh",2019,6,0,0,"Summer"
"252","20mm","Suisun Marsh",2019,7,0,0,"Summer"
"253","20mm","Suisun Marsh",2020,3,0,0,"Spring"
"254","20mm","Suisun Marsh",2020,5,0,0,"Spring"
"255","20mm","Suisun Marsh",2020,6,0,0,"Summer"
"256","20mm","Suisun Marsh",2020,7,0,0,"Summer"
"257","20mm","Suisun Marsh",2021,3,0,0,"Spring"
"258","20mm","Suisun Marsh",2021,4,0,0,"Spring"
"259","20mm","Suisun Marsh",2021,5,0,0,"Spring"
"260","20mm","Suisun Marsh",2021,6,0,0,"Summer"
"261","20mm","Suisun Marsh",2021,7,0,0,"Summer"
"262","20mm","Suisun Marsh",2022,3,0,0,"Spring"
"263","20mm","Suisun Marsh",2022,4,0,0,"Spring"
"264","20mm","Suisun Marsh",2022,5,0,0,"Spring"
"265","20mm","Suisun Marsh",2022,6,0,0,"Summer"
"266","20mm","Suisun Marsh",2023,3,0,0,"Spring"
"267","20mm","Suisun Marsh",2023,4,0,0,"Spring"
"268","20mm","Suisun Marsh",2023,5,0,0,"Spring"
"269","20mm","Suisun Marsh",2023,6,0,0,"Summer"
"270","20mm","Suisun Marsh",2023,7,0,0,"Summer"
"271","20mm",NA,2010,3,2.2975890904672e-05,4,"Spring"
"272","20mm",NA,2010,4,0.000379541730354988,78,"Spring"
"273","20mm",NA,2010,5,0.00167220024831295,325,"Spring"
"274","20mm",NA,2010,6,0.00131103805974847,206,"Summer"
"275","20mm",NA,2010,7,0.000423338010171377,24,"Summer"
"276","20mm",NA,2011,3,1.5675026850192e-05,3,"Spring"
"277","20mm",NA,2011,4,0.000792119635291921,150,"Spring"
"278","20mm",NA,2011,5,0.000937220810029527,187,"Spring"
"279","20mm",NA,2011,6,0.00128363146567193,256,"Summer"
"280","20mm",NA,2011,7,0.000348342182846538,35,"Summer"
"281","20mm",NA,2012,3,6.7803135255916e-05,13,"Spring"
"282","20mm",NA,2012,4,0.000228332180837039,42,"Spring"
"283","20mm",NA,2012,5,0.00205555350126778,391,"Spring"
"284","20mm",NA,2012,6,0.00155471928366216,298,"Summer"
"285","20mm",NA,2012,7,0.000209925219116057,21,"Summer"
"286","20mm",NA,2013,3,0.00014027524232671,24,"Spring"
"287","20mm",NA,2013,4,0.0016645350378535,284,"Spring"
"288","20mm",NA,2013,5,0.00158941821978994,256,"Spring"
"289","20mm",NA,2013,6,0.000591387649759185,115,"Summer"
"290","20mm",NA,2013,7,7.70950217353038e-05,7,"Summer"
"291","20mm",NA,2014,3,2.85918375567185e-05,2,"Spring"
"292","20mm",NA,2014,4,0.000154023274002259,42,"Spring"
"293","20mm",NA,2014,5,0.000803595504415081,148,"Spring"
"294","20mm",NA,2014,6,8.54846927969301e-05,20,"Summer"
"295","20mm",NA,2014,7,0,0,"Summer"
"296","20mm",NA,2015,3,0,0,"Spring"
"297","20mm",NA,2015,4,0.000130735956575243,30,"Spring"
"298","20mm",NA,2015,5,0.000210749557690915,42,"Spring"
"299","20mm",NA,2015,6,5.76134078098875e-05,12,"Summer"
"300","20mm",NA,2015,7,9.69204922519088e-06,1,"Summer"
"301","20mm",NA,2016,3,1.92169767797993e-05,4,"Spring"
"302","20mm",NA,2016,4,0.000282465724957498,55,"Spring"
"303","20mm",NA,2016,5,0.000172058166498578,33,"Spring"
"304","20mm",NA,2016,6,5.32448867370992e-05,11,"Summer"
"305","20mm",NA,2016,7,9.27609646269203e-06,1,"Summer"
"306","20mm",NA,2017,3,5.87292944632639e-05,13,"Spring"
"307","20mm",NA,2017,4,0.000242930428882601,53,"Spring"
"308","20mm",NA,2017,5,0.000406382492101285,84,"Spring"
"309","20mm",NA,2017,6,9.36862601134192e-05,17,"Summer"
"310","20mm",NA,2017,7,1.40912230025326e-05,1,"Summer"
"311","20mm",NA,2018,3,4.28789378364756e-05,8,"Spring"
"312","20mm",NA,2018,4,7.09035824585726e-06,1,"Spring"
"313","20mm",NA,2018,5,0,0,"Spring"
"314","20mm",NA,2018,6,0,0,"Summer"
"315","20mm",NA,2018,7,0,0,"Summer"
"316","20mm",NA,2019,3,9.47198446101444e-06,2,"Spring"
"317","20mm",NA,2019,4,3.00020354780427e-05,7,"Spring"
"318","20mm",NA,2019,5,8.52784379574577e-06,2,"Spring"
"319","20mm",NA,2019,6,9.22142185248157e-06,2,"Summer"
"320","20mm",NA,2019,7,0,0,"Summer"
"321","20mm",NA,2020,3,0,0,"Spring"
"322","20mm",NA,2020,4,0,0,"Spring"
"323","20mm",NA,2020,5,0,0,"Spring"
"324","20mm",NA,2020,6,0,0,"Summer"
"325","20mm",NA,2020,7,0,0,"Summer"
"326","20mm",NA,2021,3,0,0,"Spring"
"327","20mm",NA,2021,4,0,0,"Spring"
"328","20mm",NA,2021,5,5.31375546791103e-06,1,"Spring"
"329","20mm",NA,2021,6,0,0,"Summer"
"330","20mm",NA,2021,7,0,0,"Summer"
"331","20mm",NA,2022,3,4.94841554666884e-05,5,"Spring"
"332","20mm",NA,2022,4,1.17866023621126e-05,2,"Spring"
"333","20mm",NA,2022,5,0,0,"Spring"
"334","20mm",NA,2022,6,0,0,"Summer"
"335","20mm",NA,2023,3,2.99508875741218e-05,6,"Spring"
"336","20mm",NA,2023,4,3.1913686626545e-05,9,"Spring"
"337","20mm",NA,2023,5,3.84279414656141e-06,1,"Spring"
"338","20mm",NA,2023,6,0,0,"Summer"
"339","20mm",NA,2023,7,0,0,"Summer"
"340","DJFMP","River",2010,1,0.0496969696969697,41,"Spring"
"341","DJFMP","River",2010,2,0.00825396825396825,6,"Spring"
"342","DJFMP","River",2010,3,0,0,"Spring"
"343","DJFMP","River",2010,4,0,0,"Spring"
"344","DJFMP","River",2010,5,0,0,"Spring"
"345","DJFMP","River",2010,6,0,0,"Summer"
"346","DJFMP","River",2010,7,0,0,"Summer"
"347","DJFMP","River",2010,8,0.00269360269360269,3,"Summer"
"348","DJFMP","River",2010,9,0,0,"Fall"
"349","DJFMP","River",2010,10,0,0,"Fall"
"350","DJFMP","River",2010,11,0,0,"Fall"
"351","DJFMP","River",2010,12,0.00137174211248285,1,"Fall"
"352","DJFMP","River",2011,1,0,0,"Spring"
"353","DJFMP","River",2011,2,0,0,"Spring"
"354","DJFMP","River",2011,3,0,0,"Spring"
"355","DJFMP","River",2011,4,0,0,"Spring"
"356","DJFMP","River",2011,5,0.00323232323232323,4,"Spring"
"357","DJFMP","River",2011,6,0.0054673721340388,4,"Summer"
"358","DJFMP","River",2011,7,0.00395061728395062,4,"Summer"
"359","DJFMP","River",2011,8,0,0,"Summer"
"360","DJFMP","River",2011,9,0,0,"Fall"
"361","DJFMP","River",2011,10,0.00177777777777778,2,"Fall"
"362","DJFMP","River",2011,11,0,0,"Fall"
"363","DJFMP","River",2011,12,0,0,"Fall"
"364","DJFMP","River",2012,1,0,0,"Spring"
"365","DJFMP","River",2012,2,0,0,"Spring"
"366","DJFMP","River",2012,3,0.00233100233100233,2,"Spring"
"367","DJFMP","River",2012,4,0.00266666666666667,2,"Spring"
"368","DJFMP","River",2012,5,0.000734618916437098,1,"Spring"
"369","DJFMP","River",2012,6,0,0,"Summer"
"370","DJFMP","River",2012,7,0,0,"Summer"
"371","DJFMP","River",2012,8,0,0,"Summer"
"372","DJFMP","River",2012,9,0,0,"Fall"
"373","DJFMP","River",2012,10,0,0,"Fall"
"374","DJFMP","River",2012,11,0.0278338945005612,31,"Fall"
"375","DJFMP","River",2012,12,0,0,"Fall"
"376","DJFMP","River",2013,1,0,0,"Spring"
"377","DJFMP","River",2013,2,0,0,"Spring"
"378","DJFMP","River",2013,3,0,0,"Spring"
"379","DJFMP","River",2013,4,0.000808080808080808,1,"Spring"
"380","DJFMP","River",2013,5,0.00326340326340326,3,"Spring"
"381","DJFMP","River",2013,6,0.00222222222222222,2,"Summer"
"382","DJFMP","River",2013,7,0.00155400155400155,1,"Summer"
"383","DJFMP","River",2013,8,0,0,"Summer"
"384","DJFMP","River",2013,9,0,0,"Fall"
"385","DJFMP","River",2013,10,0,0,"Fall"
"386","DJFMP","River",2013,11,0.0111912778579445,8,"Fall"
"387","DJFMP","River",2013,12,0.00192400192400192,1,"Fall"
"388","DJFMP","River",2014,1,0.0255555555555556,19,"Spring"
"389","DJFMP","River",2014,2,0.00617283950617284,4,"Spring"
"390","DJFMP","River",2014,3,0.000987654320987654,1,"Spring"
"391","DJFMP","River",2014,4,0.00685425685425685,6,"Spring"
"392","DJFMP","River",2014,5,0.0563888888888889,14,"Spring"
"393","DJFMP","River",2014,6,0.00355555555555556,2,"Summer"
"394","DJFMP","River",2014,7,0.00216450216450216,1,"Summer"
"395","DJFMP","River",2014,8,0.0161616161616162,8,"Summer"
"396","DJFMP","River",2014,9,0,0,"Fall"
"397","DJFMP","River",2014,10,0.00423280423280423,1,"Fall"
"398","DJFMP","River",2014,11,0,0,"Fall"
"399","DJFMP","River",2014,12,0,0,"Fall"
"400","DJFMP","River",2015,1,0,0,"Spring"
"401","DJFMP","River",2015,2,0,0,"Spring"
"402","DJFMP","River",2015,3,0,0,"Spring"
"403","DJFMP","River",2015,4,0.00213675213675214,1,"Spring"
"404","DJFMP","River",2015,5,0.0314253647586981,28,"Spring"
"405","DJFMP","River",2015,6,0,0,"Summer"
"406","DJFMP","River",2015,7,0.00288600288600289,1,"Summer"
"407","DJFMP","River",2015,8,0,0,"Summer"
"408","DJFMP","River",2015,9,0,0,"Fall"
"409","DJFMP","River",2015,10,0,0,"Fall"
"410","DJFMP","River",2015,11,0,0,"Fall"
"411","DJFMP","River",2015,12,0,0,"Fall"
"412","DJFMP","River",2016,1,0.00110192837465565,1,"Spring"
"413","DJFMP","River",2016,2,0,0,"Spring"
"414","DJFMP","River",2016,3,0.00138888888888889,1,"Spring"
"415","DJFMP","River",2016,4,0,0,"Spring"
"416","DJFMP","River",2016,5,0,0,"Spring"
"417","DJFMP","River",2016,6,0,0,"Summer"
"418","DJFMP","River",2016,7,0,0,"Summer"
"419","DJFMP","River",2016,8,0,0,"Summer"
"420","DJFMP","River",2016,9,0,0,"Fall"
"421","DJFMP","River",2016,10,0,0,"Fall"
"422","DJFMP","River",2016,11,0,0,"Fall"
"423","DJFMP","River",2016,12,0,0,"Fall"
"424","DJFMP","River",2017,1,0,0,"Spring"
"425","DJFMP","River",2017,2,0,0,"Spring"
"426","DJFMP","River",2017,3,0.00873890419344965,4,"Spring"
"427","DJFMP","River",2017,4,0,0,"Spring"
"428","DJFMP","River",2017,5,0,0,"Spring"
"429","DJFMP","River",2017,6,0,0,"Summer"
"430","DJFMP","River",2017,7,0,0,"Summer"
"431","DJFMP","River",2017,8,0,0,"Summer"
"432","DJFMP","River",2017,9,0,0,"Fall"
"433","DJFMP","River",2017,10,0,0,"Fall"
"434","DJFMP","River",2017,11,0,0,"Fall"
"435","DJFMP","River",2017,12,0,0,"Fall"
"436","DJFMP","River",2018,1,0,0,"Spring"
"437","DJFMP","River",2018,2,0,0,"Spring"
"438","DJFMP","River",2018,3,0,0,"Spring"
"439","DJFMP","River",2018,4,0,0,"Spring"
"440","DJFMP","River",2018,5,0,0,"Spring"
"441","DJFMP","River",2018,6,0,0,"Summer"
"442","DJFMP","River",2018,7,0,0,"Summer"
"443","DJFMP","River",2018,8,0,0,"Summer"
"444","DJFMP","River",2018,9,0,0,"Fall"
"445","DJFMP","River",2018,10,0,0,"Fall"
"446","DJFMP","River",2018,11,0,0,"Fall"
"447","DJFMP","River",2018,12,0,0,"Fall"
"448","DJFMP","River",2019,1,0,0,"Spring"
"449","DJFMP","River",2019,2,0,0,"Spring"
"450","DJFMP","River",2019,3,0,0,"Spring"
"451","DJFMP","River",2019,4,0,0,"Spring"
"452","DJFMP","River",2019,5,0,0,"Spring"
"453","DJFMP","River",2019,6,0,0,"Summer"
"454","DJFMP","River",2019,7,0,0,"Summer"
"455","DJFMP","River",2019,8,0,0,"Summer"
"456","DJFMP","River",2019,9,0,0,"Fall"
"457","DJFMP","River",2019,10,0,0,"Fall"
"458","DJFMP","River",2019,11,0,0,"Fall"
"459","DJFMP","River",2019,12,0,0,"Fall"
"460","DJFMP","River",2020,1,0,0,"Spring"
"461","DJFMP","River",2020,2,0,0,"Spring"
"462","DJFMP","River",2020,3,0,0,"Spring"
"463","DJFMP","River",2020,6,0,0,"Summer"
"464","DJFMP","River",2020,7,0,0,"Summer"
"465","DJFMP","River",2020,9,0,0,"Fall"
"466","DJFMP","River",2020,10,0,0,"Fall"
"467","DJFMP","River",2020,11,0,0,"Fall"
"468","DJFMP","River",2021,2,0,0,"Spring"
"469","DJFMP","River",2021,3,0,0,"Spring"
"470","DJFMP","River",2021,4,0,0,"Spring"
"471","DJFMP","River",2021,5,0,0,"Spring"
"472","DJFMP","River",2021,6,0,0,"Summer"
"473","DJFMP","River",2021,7,0,0,"Summer"
"474","DJFMP","River",2021,8,0,0,"Summer"
"475","DJFMP","River",2021,9,0,0,"Fall"
"476","DJFMP","River",2021,10,0,0,"Fall"
"477","DJFMP","River",2021,11,0,0,"Fall"
"478","DJFMP","River",2021,12,0,0,"Fall"
"479","DJFMP","River",2022,1,0,0,"Spring"
"480","DJFMP","River",2022,2,0,0,"Spring"
"481","DJFMP","River",2022,3,0,0,"Spring"
"482","DJFMP","River",2022,4,0,0,"Spring"
"483","DJFMP","River",2022,5,0,0,"Spring"
"484","DJFMP","River",2022,6,0,0,"Summer"
"485","DJFMP","River",2022,7,0,0,"Summer"
"486","DJFMP","River",2022,8,0,0,"Summer"
"487","DJFMP","River",2022,9,0,0,"Fall"
"488","DJFMP","River",2022,10,0,0,"Fall"
"489","DJFMP","River",2022,11,0,0,"Fall"
"490","DJFMP","River",2022,12,0,0,"Fall"
"491","DJFMP","River",2023,1,0,0,"Spring"
"492","DJFMP","River",2023,2,0,0,"Spring"
"493","DJFMP","River",2023,3,0,0,"Spring"
"494","DJFMP","River",2023,4,0,0,"Spring"
"495","DJFMP","River",2023,5,0,0,"Spring"
"496","DJFMP","River",2023,6,0,0,"Summer"
"497","DJFMP","River",2023,7,0,0,"Summer"
"498","DJFMP",NA,2010,1,0.000159880554285589,27,"Spring"
"499","DJFMP",NA,2010,2,0.000392677552414843,23,"Spring"
"500","DJFMP",NA,2010,3,0.0018948821468762,45,"Spring"
"501","DJFMP",NA,2010,4,0.000180610566984307,8,"Spring"
"502","DJFMP",NA,2010,5,0.000165190721120369,13,"Spring"
"503","DJFMP",NA,2010,6,0.000330878739126783,36,"Summer"
"504","DJFMP",NA,2010,7,5.04612357308271e-06,52,"Summer"
"505","DJFMP",NA,2010,8,4.75198878071674e-06,59,"Summer"
"506","DJFMP",NA,2010,9,9.17833422272419e-07,11,"Fall"
"507","DJFMP",NA,2010,10,5.53425093288067e-07,7,"Fall"
"508","DJFMP",NA,2010,11,2.93088240537966e-05,23,"Fall"
"509","DJFMP",NA,2010,12,8.80645865671123e-06,102,"Fall"
"510","DJFMP",NA,2011,1,4.73376939892249e-05,35,"Spring"
"511","DJFMP",NA,2011,2,7.58009654781452e-05,29,"Spring"
"512","DJFMP",NA,2011,3,0.00127898644737149,67,"Spring"
"513","DJFMP",NA,2011,4,0.000301210466441048,17,"Spring"
"514","DJFMP",NA,2011,5,0.000521135736407452,17,"Spring"
"515","DJFMP",NA,2011,6,0.000240638666758896,8,"Summer"
"516","DJFMP",NA,2011,7,4.45915191043646e-07,5,"Summer"
"517","DJFMP",NA,2011,8,9.13319305860461e-05,262,"Summer"
"518","DJFMP",NA,2011,9,5.45500272553625e-05,209,"Fall"
"519","DJFMP",NA,2011,10,0.00019091429345377,145,"Fall"
"520","DJFMP",NA,2011,11,2.54115487344698e-06,27,"Fall"
"521","DJFMP",NA,2011,12,3.36329101822503e-05,122,"Fall"
"522","DJFMP",NA,2012,1,0.000213193946446233,108,"Spring"
"523","DJFMP",NA,2012,2,4.89122125492144e-06,50,"Spring"
"524","DJFMP",NA,2012,3,0.00109456261609374,113,"Spring"
"525","DJFMP",NA,2012,4,0.00168455210946949,91,"Spring"
"526","DJFMP",NA,2012,5,0.000102372711260907,22,"Spring"
"527","DJFMP",NA,2012,6,2.68424796118735e-05,57,"Summer"
"528","DJFMP",NA,2012,7,6.82775224397419e-06,72,"Summer"
"529","DJFMP",NA,2012,8,2.59168354520827e-05,39,"Summer"
"530","DJFMP",NA,2012,9,1.42054228967071e-06,14,"Fall"
"531","DJFMP",NA,2012,10,3.88818814338016e-05,38,"Fall"
"532","DJFMP",NA,2012,11,1.74892458623664e-05,16,"Fall"
"533","DJFMP",NA,2012,12,0.000101750686189758,59,"Fall"
"534","DJFMP",NA,2013,1,3.7851155177407e-06,49,"Spring"
"535","DJFMP",NA,2013,2,0.000100618268426632,50,"Spring"
"536","DJFMP",NA,2013,3,1.57703793902162e-06,20,"Spring"
"537","DJFMP",NA,2013,4,7.11003532140384e-07,10,"Spring"
"538","DJFMP",NA,2013,5,0.00317834221770904,87,"Spring"
"539","DJFMP",NA,2013,6,6.94321927831357e-05,18,"Summer"
"540","DJFMP",NA,2013,7,5.07742023718343e-06,64,"Summer"
"541","DJFMP",NA,2013,8,3.84646169136001e-06,44,"Summer"
"542","DJFMP",NA,2013,9,4.77280650328623e-06,55,"Fall"
"543","DJFMP",NA,2013,10,0,0,"Fall"
"544","DJFMP",NA,2013,11,2.29026698596847e-07,3,"Fall"
"545","DJFMP",NA,2013,12,6.92583294218253e-05,46,"Fall"
"546","DJFMP",NA,2014,1,2.84894180865713e-05,30,"Spring"
"547","DJFMP",NA,2014,2,0.000197235995568533,23,"Spring"
"548","DJFMP",NA,2014,3,0.00106118539274276,43,"Spring"
"549","DJFMP",NA,2014,4,0.000140359939404175,7,"Spring"
"550","DJFMP",NA,2014,5,0,0,"Spring"
"551","DJFMP",NA,2014,6,8.56188976277769e-08,1,"Summer"
"552","DJFMP",NA,2014,7,5.73228767929512e-07,7,"Summer"
"553","DJFMP",NA,2014,8,0,0,"Summer"
"554","DJFMP",NA,2014,9,0,0,"Fall"
"555","DJFMP",NA,2014,10,0,0,"Fall"
"556","DJFMP",NA,2014,11,0,0,"Fall"
"557","DJFMP",NA,2014,12,2.04605297528089e-07,2,"Fall"
"558","DJFMP",NA,2015,1,2.08147115534833e-07,2,"Spring"
"559","DJFMP",NA,2015,2,8.0941833678517e-05,4,"Spring"
"560","DJFMP",NA,2015,3,7.55840266897398e-08,1,"Spring"
"561","DJFMP",NA,2015,4,0,0,"Spring"
"562","DJFMP",NA,2015,5,0,0,"Spring"
"563","DJFMP",NA,2015,6,0,0,"Summer"
"564","DJFMP",NA,2015,7,5.92277272266055e-05,2,"Summer"
"565","DJFMP",NA,2015,8,9.02576549768376e-08,1,"Summer"
"566","DJFMP",NA,2015,9,9.62921725054953e-08,1,"Fall"
"567","DJFMP",NA,2015,10,0,0,"Fall"
"568","DJFMP",NA,2015,11,0,0,"Fall"
"569","DJFMP",NA,2015,12,0,0,"Fall"
"570","DJFMP",NA,2016,1,0,0,"Spring"
"571","DJFMP",NA,2016,2,1.16671988883239e-07,1,"Spring"
"572","DJFMP",NA,2016,3,0,0,"Spring"
"573","DJFMP",NA,2016,4,0,0,"Spring"
"574","DJFMP",NA,2016,5,6.59984239775978e-08,1,"Spring"
"575","DJFMP",NA,2016,6,8.38435776596842e-08,1,"Summer"
"576","DJFMP",NA,2016,7,1.79867037610927e-07,2,"Summer"
"577","DJFMP",NA,2016,8,9.03975665122043e-08,1,"Summer"
"578","DJFMP",NA,2016,9,1.84954583504913e-07,2,"Fall"
"579","DJFMP",NA,2016,10,0,0,"Fall"
"580","DJFMP",NA,2016,11,0,0,"Fall"
"581","DJFMP",NA,2016,12,3.62603019819493e-07,3,"Fall"
"582","DJFMP",NA,2017,1,9.58090322444016e-07,6,"Spring"
"583","DJFMP",NA,2017,2,1.76734783173807e-06,13,"Spring"
"584","DJFMP",NA,2017,3,1.22623082364909e-06,12,"Spring"
"585","DJFMP",NA,2017,4,2.50591533844547e-07,4,"Spring"
"586","DJFMP",NA,2017,5,5.21243023440059e-08,1,"Spring"
"587","DJFMP",NA,2017,6,4.36576615962761e-07,5,"Summer"
"588","DJFMP",NA,2017,7,2.09917630687824e-07,2,"Summer"
"589","DJFMP",NA,2017,8,4.95231176672038e-07,5,"Summer"
"590","DJFMP",NA,2017,9,1.33882803767203e-06,13,"Fall"
"591","DJFMP",NA,2017,10,9.10806624777533e-08,1,"Fall"
"592","DJFMP",NA,2017,11,0,0,"Fall"
"593","DJFMP",NA,2017,12,0,0,"Fall"
"594","DJFMP",NA,2018,1,0,0,"Spring"
"595","DJFMP",NA,2018,2,0,0,"Spring"
"596","DJFMP",NA,2018,3,7.41352970283292e-08,1,"Spring"
"597","DJFMP",NA,2018,4,0,0,"Spring"
"598","DJFMP",NA,2018,5,0,0,"Spring"
"599","DJFMP",NA,2018,6,0,0,"Summer"
"600","DJFMP",NA,2018,7,0,0,"Summer"
"601","DJFMP",NA,2018,8,0,0,"Summer"
"602","DJFMP",NA,2018,9,0,0,"Fall"
"603","DJFMP",NA,2018,10,0,0,"Fall"
"604","DJFMP",NA,2018,11,0,0,"Fall"
"605","DJFMP",NA,2018,12,0,0,"Fall"
"606","DJFMP",NA,2019,1,0,0,"Spring"
"607","DJFMP",NA,2019,2,0,0,"Spring"
"608","DJFMP",NA,2019,3,9.20135299263475e-08,1,"Spring"
"609","DJFMP",NA,2019,4,0,0,"Spring"
"610","DJFMP",NA,2019,5,0,0,"Spring"
"611","DJFMP",NA,2019,6,0,0,"Summer"
"612","DJFMP",NA,2019,7,0,0,"Summer"
"613","DJFMP",NA,2019,8,2.28052399747467e-07,2,"Summer"
"614","DJFMP",NA,2019,9,2.46900760260943e-07,2,"Fall"
"615","DJFMP",NA,2019,10,0,0,"Fall"
"616","DJFMP",NA,2019,11,9.65058062749419e-08,1,"Fall"
"617","DJFMP",NA,2019,12,0,0,"Fall"
"618","DJFMP",NA,2020,1,0,0,"Spring"
"619","DJFMP",NA,2020,2,0,0,"Spring"
"620","DJFMP",NA,2020,3,0,0,"Spring"
"621","DJFMP",NA,2020,4,0,0,"Spring"
"622","DJFMP",NA,2020,5,0,0,"Spring"
"623","DJFMP",NA,2020,6,0,0,"Summer"
"624","DJFMP",NA,2020,7,0,0,"Summer"
"625","DJFMP",NA,2020,8,0,0,"Summer"
"626","DJFMP",NA,2020,9,0,0,"Fall"
"627","DJFMP",NA,2020,10,0,0,"Fall"
"628","DJFMP",NA,2020,11,0,0,"Fall"
"629","DJFMP",NA,2020,12,0,0,"Fall"
"630","DJFMP",NA,2021,1,0,0,"Spring"
"631","DJFMP",NA,2021,2,0,0,"Spring"
"632","DJFMP",NA,2021,3,0,0,"Spring"
"633","DJFMP",NA,2021,4,0,0,"Spring"
"634","DJFMP",NA,2021,5,0,0,"Spring"
"635","DJFMP",NA,2021,6,0,0,"Summer"
"636","DJFMP",NA,2021,7,0,0,"Summer"
"637","DJFMP",NA,2021,8,0,0,"Summer"
"638","DJFMP",NA,2021,9,0,0,"Fall"
"639","DJFMP",NA,2021,10,0,0,"Fall"
"640","DJFMP",NA,2021,11,0,0,"Fall"
"641","DJFMP",NA,2021,12,9.39221836701857e-08,1,"Fall"
"642","DJFMP",NA,2022,1,0,0,"Spring"
"643","DJFMP",NA,2022,2,8.93510591700896e-08,1,"Spring"
"644","DJFMP",NA,2022,3,0,0,"Spring"
"645","DJFMP",NA,2022,4,0,0,"Spring"
"646","DJFMP",NA,2022,5,0,0,"Spring"
"647","DJFMP",NA,2022,6,0,0,"Summer"
"648","DJFMP",NA,2022,7,0,0,"Summer"
"649","DJFMP",NA,2022,8,0,0,"Summer"
"650","DJFMP",NA,2022,9,0,0,"Fall"
"651","DJFMP",NA,2022,10,0,0,"Fall"
"652","DJFMP",NA,2022,11,0,0,"Fall"
"653","DJFMP",NA,2022,12,0,0,"Fall"
"654","DJFMP",NA,2023,1,1.20226588631975e-07,1,"Spring"
"655","DJFMP",NA,2023,2,0,0,"Spring"
"656","DJFMP",NA,2023,3,0,0,"Spring"
"657","DJFMP",NA,2023,4,0,0,"Spring"
"658","DJFMP",NA,2023,5,0,0,"Spring"
"659","DJFMP",NA,2023,6,1.19543524440413e-07,1,"Summer"
"660","DJFMP",NA,2023,7,0,0,"Summer"
"661","EDSM","Grizzly Bay",2017,1,7.10686103279722e-05,1,"Spring"
"662","EDSM","Grizzly Bay",2017,3,0,0,"Spring"
"663","EDSM","Grizzly Bay",2017,7,0.00160122995517341,10,"Summer"
"664","EDSM","Grizzly Bay",2017,8,0.000251097463550895,1,"Summer"
"665","EDSM","Grizzly Bay",2017,11,0,0,"Fall"
"666","EDSM","Grizzly Bay",2017,12,3.91936632314725e-05,1,"Fall"
"667","EDSM","Grizzly Bay",2018,1,0,0,"Spring"
"668","EDSM","Grizzly Bay",2018,2,0,0,"Spring"
"669","EDSM","Grizzly Bay",2018,3,0,0,"Spring"
"670","EDSM","Grizzly Bay",2018,6,0,0,"Summer"
"671","EDSM","Grizzly Bay",2018,7,0,0,"Summer"
"672","EDSM","Grizzly Bay",2018,8,4.55902569403054e-05,1,"Summer"
"673","EDSM","Grizzly Bay",2018,9,0,0,"Fall"
"674","EDSM","Grizzly Bay",2018,10,0,0,"Fall"
"675","EDSM","Grizzly Bay",2018,11,0,0,"Fall"
"676","EDSM","Grizzly Bay",2018,12,9.98926105392229e-06,1,"Fall"
"677","EDSM","Grizzly Bay",2019,1,0,0,"Spring"
"678","EDSM","Grizzly Bay",2019,2,0,0,"Spring"
"679","EDSM","Grizzly Bay",2019,3,0,0,"Spring"
"680","EDSM","Grizzly Bay",2019,6,0,0,"Summer"
"681","EDSM","Grizzly Bay",2019,7,1.73455098447772e-05,1,"Summer"
"682","EDSM","Grizzly Bay",2019,8,0,0,"Summer"
"683","EDSM","Grizzly Bay",2019,9,0,0,"Fall"
"684","EDSM","Grizzly Bay",2019,10,0,0,"Fall"
"685","EDSM","Grizzly Bay",2019,11,0,0,"Fall"
"686","EDSM","Grizzly Bay",2019,12,0,0,"Fall"
"687","EDSM","Grizzly Bay",2020,1,0,0,"Spring"
"688","EDSM","Grizzly Bay",2020,2,0,0,"Spring"
"689","EDSM","Grizzly Bay",2020,3,0,0,"Spring"
"690","EDSM","Grizzly Bay",2020,4,0,0,"Spring"
"691","EDSM","Grizzly Bay",2020,5,0,0,"Spring"
"692","EDSM","Grizzly Bay",2020,6,0,0,"Summer"
"693","EDSM","Grizzly Bay",2020,7,8.76331808804006e-06,1,"Summer"
"694","EDSM","Grizzly Bay",2020,8,4.21156659699756e-05,1,"Summer"
"695","EDSM","Grizzly Bay",2020,9,0,0,"Fall"
"696","EDSM","Grizzly Bay",2020,10,0,0,"Fall"
"697","EDSM","Grizzly Bay",2020,11,0,0,"Fall"
"698","EDSM","Grizzly Bay",2020,12,0,0,"Fall"
"699","EDSM","Grizzly Bay",2021,1,0,0,"Spring"
"700","EDSM","Grizzly Bay",2021,2,0,0,"Spring"
"701","EDSM","Grizzly Bay",2021,3,0,0,"Spring"
"702","EDSM","Grizzly Bay",2021,4,0,0,"Spring"
"703","EDSM","Grizzly Bay",2021,5,0,0,"Spring"
"704","EDSM","Grizzly Bay",2021,6,0,0,"Summer"
"705","EDSM","Grizzly Bay",2021,7,0,0,"Summer"
"706","EDSM","Grizzly Bay",2021,8,0,0,"Summer"
"707","EDSM","Grizzly Bay",2021,9,0,0,"Fall"
"708","EDSM","Grizzly Bay",2021,10,0,0,"Fall"
"709","EDSM","Grizzly Bay",2021,11,0,0,"Fall"
"710","EDSM","Grizzly Bay",2021,12,0,0,"Fall"
"711","EDSM","Grizzly Bay",2022,1,0,0,"Spring"
"712","EDSM","Grizzly Bay",2022,2,0,0,"Spring"
"713","EDSM","Grizzly Bay",2022,3,0,0,"Spring"
"714","EDSM","Grizzly Bay",2022,4,0,0,"Spring"
"715","EDSM","Grizzly Bay",2022,5,0,0,"Spring"
"716","EDSM","Grizzly Bay",2022,6,0,0,"Summer"
"717","EDSM","Grizzly Bay",2022,7,0,0,"Summer"
"718","EDSM","Grizzly Bay",2022,8,0,0,"Summer"
"719","EDSM","Grizzly Bay",2022,9,4.80219733994316e-06,1,"Fall"
"720","EDSM","Grizzly Bay",2022,10,0,0,"Fall"
"721","EDSM","Grizzly Bay",2022,11,0,0,"Fall"
"722","EDSM","River",2016,12,0.000221558268787895,7,"Fall"
"723","EDSM","River",2017,1,3.89278476222547e-05,2,"Spring"
"724","EDSM","River",2017,2,0,0,"Spring"
"725","EDSM","River",2017,3,0,0,"Spring"
"726","EDSM","River",2017,4,0,0,"Spring"
"727","EDSM","River",2017,5,0.000271496096144955,1,"Spring"
"728","EDSM","River",2017,6,0,0,"Summer"
"729","EDSM","River",2017,7,0,0,"Summer"
"730","EDSM","River",2017,8,0,0,"Summer"
"731","EDSM","River",2017,9,0,0,"Fall"
"732","EDSM","River",2017,10,0.000760265219632941,38,"Fall"
"733","EDSM","River",2017,11,3.54306512860942e-05,2,"Fall"
"734","EDSM","River",2017,12,0,0,"Fall"
"735","EDSM","River",2018,1,8.50282759283571e-06,1,"Spring"
"736","EDSM","River",2018,2,1.99301513050508e-05,2,"Spring"
"737","EDSM","River",2018,3,1.2443369301338e-05,1,"Spring"
"738","EDSM","River",2018,6,0,0,"Summer"
"739","EDSM","River",2018,7,0,0,"Summer"
"740","EDSM","River",2018,8,1.24318961340619e-05,6,"Summer"
"741","EDSM","River",2018,9,4.08188374162114e-05,16,"Fall"
"742","EDSM","River",2018,10,9.86815073732507e-06,6,"Fall"
"743","EDSM","River",2018,11,6.60469392318185e-06,2,"Fall"
"744","EDSM","River",2018,12,3.67383881277714e-06,1,"Fall"
"745","EDSM","River",2019,1,9.5980183222318e-06,4,"Spring"
"746","EDSM","River",2019,2,4.64177755569326e-06,1,"Spring"
"747","EDSM","River",2019,3,0,0,"Spring"
"748","EDSM","River",2019,6,0,0,"Summer"
"749","EDSM","River",2019,7,8.23324321311223e-06,4,"Summer"
"750","EDSM","River",2019,8,0,0,"Summer"
"751","EDSM","River",2019,9,0,0,"Fall"
"752","EDSM","River",2019,10,4.17569429502519e-06,2,"Fall"
"753","EDSM","River",2019,11,3.21017164098988e-06,1,"Fall"
"754","EDSM","River",2019,12,6.20199766807632e-06,3,"Fall"
"755","EDSM","River",2020,1,5.38907929017276e-06,2,"Spring"
"756","EDSM","River",2020,2,0,0,"Spring"
"757","EDSM","River",2020,3,9.97545215583382e-06,1,"Spring"
"758","EDSM","River",2020,4,0,0,"Spring"
"759","EDSM","River",2020,5,0,0,"Spring"
"760","EDSM","River",2020,6,0,0,"Summer"
"761","EDSM","River",2020,7,1.01195772992796e-05,4,"Summer"
"762","EDSM","River",2020,8,3.63580316136695e-06,1,"Summer"
"763","EDSM","River",2020,9,0,0,"Fall"
"764","EDSM","River",2020,10,0,0,"Fall"
"765","EDSM","River",2020,11,0,0,"Fall"
"766","EDSM","River",2020,12,0,0,"Fall"
"767","EDSM","River",2021,1,0,0,"Spring"
"768","EDSM","River",2021,2,0,0,"Spring"
"769","EDSM","River",2021,3,0,0,"Spring"
"770","EDSM","River",2021,4,0,0,"Spring"
"771","EDSM","River",2021,5,2.91102595878504e-05,1,"Spring"
"772","EDSM","River",2021,6,0,0,"Summer"
"773","EDSM","River",2021,7,0,0,"Summer"
"774","EDSM","River",2021,8,0,0,"Summer"
"775","EDSM","River",2021,9,0,0,"Fall"
"776","EDSM","River",2021,10,0,0,"Fall"
"777","EDSM","River",2021,11,0,0,"Fall"
"778","EDSM","River",2021,12,3.31747616992313e-05,11,"Fall"
"779","EDSM","River",2022,1,2.91660137958317e-06,1,"Spring"
"780","EDSM","River",2022,2,2.7483443307535e-06,1,"Spring"
"781","EDSM","River",2022,3,0,0,"Spring"
"782","EDSM","River",2022,4,0,0,"Spring"
"783","EDSM","River",2022,5,0,0,"Spring"
"784","EDSM","River",2022,6,0,0,"Summer"
"785","EDSM","River",2022,7,0,0,"Summer"
"786","EDSM","River",2022,8,6.45702512134792e-06,3,"Summer"
"787","EDSM","River",2022,9,0,0,"Fall"
"788","EDSM","River",2022,10,0,0,"Fall"
"789","EDSM","River",2022,11,4.11956037550041e-06,2,"Fall"
"790","EDSM","Suisun Bay",2016,12,0.000101887490133175,6,"Fall"
"791","EDSM","Suisun Bay",2017,1,2.80585270824932e-05,1,"Spring"
"792","EDSM","Suisun Bay",2017,2,3.55571787872061e-05,3,"Spring"
"793","EDSM","Suisun Bay",2017,3,0,0,"Spring"
"794","EDSM","Suisun Bay",2017,4,0,0,"Spring"
"795","EDSM","Suisun Bay",2017,5,6.69463533493124e-05,1,"Spring"
"796","EDSM","Suisun Bay",2017,6,0.00061303562018111,8,"Summer"
"797","EDSM","Suisun Bay",2017,7,0.000302605371042367,7,"Summer"
"798","EDSM","Suisun Bay",2017,8,0.000113250534140366,13,"Summer"
"799","EDSM","Suisun Bay",2017,9,0.000105767159845239,9,"Fall"
"800","EDSM","Suisun Bay",2017,10,0,0,"Fall"
"801","EDSM","Suisun Bay",2017,11,6.42999805905144e-06,1,"Fall"
"802","EDSM","Suisun Bay",2017,12,0,0,"Fall"
"803","EDSM","Suisun Bay",2018,1,0,0,"Spring"
"804","EDSM","Suisun Bay",2018,2,0,0,"Spring"
"805","EDSM","Suisun Bay",2018,3,0,0,"Spring"
"806","EDSM","Suisun Bay",2018,6,5.234931902088e-05,1,"Summer"
"807","EDSM","Suisun Bay",2018,7,8.87693267595345e-06,1,"Summer"
"808","EDSM","Suisun Bay",2018,8,0,0,"Summer"
"809","EDSM","Suisun Bay",2018,9,4.85916836431357e-06,1,"Fall"
"810","EDSM","Suisun Bay",2018,10,0,0,"Fall"
"811","EDSM","Suisun Bay",2018,11,0,0,"Fall"
"812","EDSM","Suisun Bay",2018,12,0,0,"Fall"
"813","EDSM","Suisun Bay",2019,1,4.65448956826049e-06,1,"Spring"
"814","EDSM","Suisun Bay",2019,2,0,0,"Spring"
"815","EDSM","Suisun Bay",2019,3,0,0,"Spring"
"816","EDSM","Suisun Bay",2019,6,0,0,"Summer"
"817","EDSM","Suisun Bay",2019,7,3.33989095329171e-05,5,"Summer"
"818","EDSM","Suisun Bay",2019,8,8.0233421477651e-06,2,"Summer"
"819","EDSM","Suisun Bay",2019,9,5.39932646332692e-06,1,"Fall"
"820","EDSM","Suisun Bay",2019,10,5.4349363721261e-06,1,"Fall"
"821","EDSM","Suisun Bay",2019,11,0,0,"Fall"
"822","EDSM","Suisun Bay",2019,12,4.39238629153675e-06,1,"Fall"
"823","EDSM","Suisun Bay",2020,1,0,0,"Spring"
"824","EDSM","Suisun Bay",2020,2,3.22703299626615e-06,1,"Spring"
"825","EDSM","Suisun Bay",2020,3,0,0,"Spring"
"826","EDSM","Suisun Bay",2020,4,0,0,"Spring"
"827","EDSM","Suisun Bay",2020,5,0,0,"Spring"
"828","EDSM","Suisun Bay",2020,6,0,0,"Summer"
"829","EDSM","Suisun Bay",2020,7,0,0,"Summer"
"830","EDSM","Suisun Bay",2020,8,0,0,"Summer"
"831","EDSM","Suisun Bay",2020,9,0,0,"Fall"
"832","EDSM","Suisun Bay",2020,10,0,0,"Fall"
"833","EDSM","Suisun Bay",2020,11,0,0,"Fall"
"834","EDSM","Suisun Bay",2020,12,0,0,"Fall"
"835","EDSM","Suisun Bay",2021,1,0,0,"Spring"
"836","EDSM","Suisun Bay",2021,2,0,0,"Spring"
"837","EDSM","Suisun Bay",2021,3,0,0,"Spring"
"838","EDSM","Suisun Bay",2021,4,0,0,"Spring"
"839","EDSM","Suisun Bay",2021,5,0,0,"Spring"
"840","EDSM","Suisun Bay",2021,6,0,0,"Summer"
"841","EDSM","Suisun Bay",2021,7,0,0,"Summer"
"842","EDSM","Suisun Bay",2021,8,0,0,"Summer"
"843","EDSM","Suisun Bay",2021,9,0,0,"Fall"
"844","EDSM","Suisun Bay",2021,10,0,0,"Fall"
"845","EDSM","Suisun Bay",2021,11,0,0,"Fall"
"846","EDSM","Suisun Bay",2021,12,0,0,"Fall"
"847","EDSM","Suisun Bay",2022,1,0,0,"Spring"
"848","EDSM","Suisun Bay",2022,2,0,0,"Spring"
"849","EDSM","Suisun Bay",2022,3,0,0,"Spring"
"850","EDSM","Suisun Bay",2022,4,0,0,"Spring"
"851","EDSM","Suisun Bay",2022,5,0,0,"Spring"
"852","EDSM","Suisun Bay",2022,6,0,0,"Summer"
"853","EDSM","Suisun Bay",2022,7,0,0,"Summer"
"854","EDSM","Suisun Bay",2022,8,0,0,"Summer"
"855","EDSM","Suisun Bay",2022,9,0,0,"Fall"
"856","EDSM","Suisun Bay",2022,10,0,0,"Fall"
"857","EDSM","Suisun Bay",2022,11,0,0,"Fall"
"858","EDSM","Suisun Marsh",2016,12,0.000429391091106869,4,"Fall"
"859","EDSM","Suisun Marsh",2017,1,0.000474568997758739,8,"Spring"
"860","EDSM","Suisun Marsh",2017,2,0,0,"Spring"
"861","EDSM","Suisun Marsh",2017,3,0,0,"Spring"
"862","EDSM","Suisun Marsh",2017,5,0,0,"Spring"
"863","EDSM","Suisun Marsh",2017,6,0,0,"Summer"
"864","EDSM","Suisun Marsh",2017,7,0,0,"Summer"
"865","EDSM","Suisun Marsh",2017,8,0.000133734613825977,3,"Summer"
"866","EDSM","Suisun Marsh",2017,9,3.71770211005322e-05,1,"Fall"
"867","EDSM","Suisun Marsh",2017,10,7.44291161200146e-05,3,"Fall"
"868","EDSM","Suisun Marsh",2017,11,0.000183892286313719,1,"Fall"
"869","EDSM","Suisun Marsh",2017,12,0,0,"Fall"
"870","EDSM","Suisun Marsh",2018,1,8.68304859717817e-05,7,"Spring"
"871","EDSM","Suisun Marsh",2018,2,0,0,"Spring"
"872","EDSM","Suisun Marsh",2018,3,1.36571023372383e-05,1,"Spring"
"873","EDSM","Suisun Marsh",2018,6,0,0,"Summer"
"874","EDSM","Suisun Marsh",2018,7,0,0,"Summer"
"875","EDSM","Suisun Marsh",2018,8,1.17412930948048e-05,4,"Summer"
"876","EDSM","Suisun Marsh",2018,9,0,0,"Fall"
"877","EDSM","Suisun Marsh",2018,10,0,0,"Fall"
"878","EDSM","Suisun Marsh",2018,11,1.7045213613206e-05,3,"Fall"
"879","EDSM","Suisun Marsh",2018,12,6.00102291280476e-06,1,"Fall"
"880","EDSM","Suisun Marsh",2019,1,1.1315116207479e-05,2,"Spring"
"881","EDSM","Suisun Marsh",2019,2,8.86778078875335e-06,1,"Spring"
"882","EDSM","Suisun Marsh",2019,3,0,0,"Spring"
"883","EDSM","Suisun Marsh",2019,6,0,0,"Summer"
"884","EDSM","Suisun Marsh",2019,7,9.34329985772555e-06,3,"Summer"
"885","EDSM","Suisun Marsh",2019,8,4.8207790698845e-06,2,"Summer"
"886","EDSM","Suisun Marsh",2019,9,0,0,"Fall"
"887","EDSM","Suisun Marsh",2019,10,0,0,"Fall"
"888","EDSM","Suisun Marsh",2019,11,6.89660180404499e-06,1,"Fall"
"889","EDSM","Suisun Marsh",2019,12,4.95629037600459e-06,1,"Fall"
"890","EDSM","Suisun Marsh",2020,1,6.05465223242853e-06,1,"Spring"
"891","EDSM","Suisun Marsh",2020,2,0,0,"Spring"
"892","EDSM","Suisun Marsh",2020,3,0,0,"Spring"
"893","EDSM","Suisun Marsh",2020,4,0,0,"Spring"
"894","EDSM","Suisun Marsh",2020,5,0,0,"Spring"
"895","EDSM","Suisun Marsh",2020,6,1.3304221841867e-05,1,"Summer"
"896","EDSM","Suisun Marsh",2020,7,0,0,"Summer"
"897","EDSM","Suisun Marsh",2020,8,0,0,"Summer"
"898","EDSM","Suisun Marsh",2020,9,5.27001172866041e-06,1,"Fall"
"899","EDSM","Suisun Marsh",2020,10,0,0,"Fall"
"900","EDSM","Suisun Marsh",2020,11,3.22673824198823e-06,1,"Fall"
"901","EDSM","Suisun Marsh",2020,12,0,0,"Fall"
"902","EDSM","Suisun Marsh",2021,1,0,0,"Spring"
"903","EDSM","Suisun Marsh",2021,2,0,0,"Spring"
"904","EDSM","Suisun Marsh",2021,3,2.38464268936997e-05,1,"Spring"
"905","EDSM","Suisun Marsh",2021,4,0,0,"Spring"
"906","EDSM","Suisun Marsh",2021,5,0,0,"Spring"
"907","EDSM","Suisun Marsh",2021,6,0,0,"Summer"
"908","EDSM","Suisun Marsh",2021,7,0,0,"Summer"
"909","EDSM","Suisun Marsh",2021,8,0,0,"Summer"
"910","EDSM","Suisun Marsh",2021,9,0,0,"Fall"
"911","EDSM","Suisun Marsh",2021,10,0,0,"Fall"
"912","EDSM","Suisun Marsh",2021,11,0,0,"Fall"
"913","EDSM","Suisun Marsh",2021,12,0,0,"Fall"
"914","EDSM","Suisun Marsh",2022,1,7.82073873919311e-06,1,"Spring"
"915","EDSM","Suisun Marsh",2022,2,6.63747837607839e-05,6,"Spring"
"916","EDSM","Suisun Marsh",2022,3,2.54616249540234e-05,4,"Spring"
"917","EDSM","Suisun Marsh",2022,4,0,0,"Spring"
"918","EDSM","Suisun Marsh",2022,5,0,0,"Spring"
"919","EDSM","Suisun Marsh",2022,6,0,0,"Summer"
"920","EDSM","Suisun Marsh",2022,7,0,0,"Summer"
"921","EDSM","Suisun Marsh",2022,8,0,0,"Summer"
"922","EDSM","Suisun Marsh",2022,9,0,0,"Fall"
"923","EDSM","Suisun Marsh",2022,10,0,0,"Fall"
"924","EDSM","Suisun Marsh",2022,11,0,0,"Fall"
"925","EDSM",NA,2016,12,0.000113392611397766,23,"Fall"
"926","EDSM",NA,2017,1,6.40535566960944e-05,39,"Spring"
"927","EDSM",NA,2017,2,1.03931785492476e-05,17,"Spring"
"928","EDSM",NA,2017,3,5.22028337579767e-06,15,"Spring"
"929","EDSM",NA,2017,4,0,0,"Spring"
"930","EDSM",NA,2017,5,7.64227025035173e-05,10,"Spring"
"931","EDSM",NA,2017,6,4.09179188157987e-05,20,"Summer"
"932","EDSM",NA,2017,7,0.000387925894866566,217,"Summer"
"933","EDSM",NA,2017,8,4.46561077536714e-05,29,"Summer"
"934","EDSM",NA,2017,9,2.82631908971548e-05,32,"Fall"
"935","EDSM",NA,2017,10,3.82399693287663e-06,4,"Fall"
"936","EDSM",NA,2017,11,7.86730570140753e-07,1,"Fall"
"937","EDSM",NA,2017,12,1.15082442302854e-06,1,"Fall"
"938","EDSM",NA,2018,1,2.66156782165996e-06,2,"Spring"
"939","EDSM",NA,2018,2,1.24725897573021e-06,1,"Spring"
"940","EDSM",NA,2018,3,2.36101848730572e-06,2,"Spring"
"941","EDSM",NA,2018,6,1.17148162340457e-05,1,"Summer"
"942","EDSM",NA,2018,7,1.05066397641331e-05,14,"Summer"
"943","EDSM",NA,2018,8,1.35113513079378e-05,15,"Summer"
"944","EDSM",NA,2018,9,3.29712884831507e-05,38,"Fall"
"945","EDSM",NA,2018,10,1.60936718052504e-05,26,"Fall"
"946","EDSM",NA,2018,11,7.40712654098666e-06,7,"Fall"
"947","EDSM",NA,2018,12,6.41272172486393e-06,9,"Fall"
"948","EDSM",NA,2019,1,5.55838974839957e-06,10,"Spring"
"949","EDSM",NA,2019,2,3.73366995992982e-06,5,"Spring"
"950","EDSM",NA,2019,3,0,0,"Spring"
"951","EDSM",NA,2019,6,2.52888854597929e-05,4,"Summer"
"952","EDSM",NA,2019,7,6.42863710679836e-05,92,"Summer"
"953","EDSM",NA,2019,8,4.76156627402458e-06,6,"Summer"
"954","EDSM",NA,2019,9,3.96216762946247e-06,5,"Fall"
"955","EDSM",NA,2019,10,2.52274118405305e-06,4,"Fall"
"956","EDSM",NA,2019,11,0,0,"Fall"
"957","EDSM",NA,2019,12,2.22439372021947e-06,3,"Fall"
"958","EDSM",NA,2020,1,0,0,"Spring"
"959","EDSM",NA,2020,2,5.51013880351523e-07,1,"Spring"
"960","EDSM",NA,2020,3,1.42657290336286e-06,2,"Spring"
"961","EDSM",NA,2020,4,5.36907025163998e-05,12,"Spring"
"962","EDSM",NA,2020,5,5.98356459026336e-05,14,"Spring"
"963","EDSM",NA,2020,6,4.84449192377075e-06,1,"Summer"
"964","EDSM",NA,2020,7,6.71735444627431e-06,10,"Summer"
"965","EDSM",NA,2020,8,3.54131558403518e-06,3,"Summer"
"966","EDSM",NA,2020,9,0,0,"Fall"
"967","EDSM",NA,2020,10,0,0,"Fall"
"968","EDSM",NA,2020,11,0,0,"Fall"
"969","EDSM",NA,2020,12,0,0,"Fall"
"970","EDSM",NA,2021,1,2.67775833971149e-06,2,"Spring"
"971","EDSM",NA,2021,2,0,0,"Spring"
"972","EDSM",NA,2021,3,0,0,"Spring"
"973","EDSM",NA,2021,4,2.96288543752843e-05,5,"Spring"
"974","EDSM",NA,2021,5,3.96563149917772e-05,7,"Spring"
"975","EDSM",NA,2021,6,0,0,"Summer"
"976","EDSM",NA,2021,7,0,0,"Summer"
"977","EDSM",NA,2021,8,9.75374565471382e-07,1,"Summer"
"978","EDSM",NA,2021,9,0,0,"Fall"
"979","EDSM",NA,2021,10,0,0,"Fall"
"980","EDSM",NA,2021,11,0,0,"Fall"
"981","EDSM",NA,2021,12,8.17906596527046e-07,1,"Fall"
"982","EDSM",NA,2022,1,3.31056886436135e-06,4,"Spring"
"983","EDSM",NA,2022,2,4.27197237959183e-06,5,"Spring"
"984","EDSM",NA,2022,3,9.81819218332329e-06,18,"Spring"
"985","EDSM",NA,2022,4,3.89352647424445e-05,8,"Spring"
"986","EDSM",NA,2022,5,4.58407289619928e-05,9,"Spring"
"987","EDSM",NA,2022,6,9.42548494927916e-06,2,"Summer"
"988","EDSM",NA,2022,7,0,0,"Summer"
"989","EDSM",NA,2022,8,1.25378347851834e-06,2,"Summer"
"990","EDSM",NA,2022,9,0,0,"Fall"
"991","EDSM",NA,2022,10,0,0,"Fall"
"992","EDSM",NA,2022,11,0,0,"Fall"
"993","FMWT","Grizzly Bay",2010,9,0,0,"Fall"
"994","FMWT","Grizzly Bay",2010,10,0,0,"Fall"
"995","FMWT","Grizzly Bay",2010,11,0,0,"Fall"
"996","FMWT","Grizzly Bay",2010,12,0.000185017925862311,2,"Fall"
"997","FMWT","Grizzly Bay",2011,9,0,0,"Fall"
"998","FMWT","Grizzly Bay",2011,10,7.53205419958765e-05,1,"Fall"
"999","FMWT","Grizzly Bay",2011,11,0,0,"Fall"
"1000","FMWT","Grizzly Bay",2011,12,0,0,"Fall"
"1001","FMWT","Grizzly Bay",2012,9,0,0,"Fall"
"1002","FMWT","Grizzly Bay",2012,10,0,0,"Fall"
"1003","FMWT","Grizzly Bay",2012,11,0,0,"Fall"
"1004","FMWT","Grizzly Bay",2012,12,0.000104700541489632,1,"Fall"
"1005","FMWT","Grizzly Bay",2013,9,0,0,"Fall"
"1006","FMWT","Grizzly Bay",2013,10,0,0,"Fall"
"1007","FMWT","Grizzly Bay",2013,11,0,0,"Fall"
"1008","FMWT","Grizzly Bay",2013,12,7.29814928928109e-05,1,"Fall"
"1009","FMWT","Grizzly Bay",2014,9,6.81910361189975e-05,1,"Fall"
"1010","FMWT","Grizzly Bay",2014,10,0,0,"Fall"
"1011","FMWT","Grizzly Bay",2014,11,0,0,"Fall"
"1012","FMWT","Grizzly Bay",2014,12,0,0,"Fall"
"1013","FMWT","Grizzly Bay",2015,9,0,0,"Fall"
"1014","FMWT","Grizzly Bay",2015,10,0,0,"Fall"
"1015","FMWT","Grizzly Bay",2015,11,0,0,"Fall"
"1016","FMWT","Grizzly Bay",2015,12,0,0,"Fall"
"1017","FMWT","Grizzly Bay",2016,9,0,0,"Fall"
"1018","FMWT","Grizzly Bay",2016,10,0,0,"Fall"
"1019","FMWT","Grizzly Bay",2016,11,0,0,"Fall"
"1020","FMWT","Grizzly Bay",2016,12,0,0,"Fall"
"1021","FMWT","Grizzly Bay",2017,9,0,0,"Fall"
"1022","FMWT","Grizzly Bay",2017,10,0,0,"Fall"
"1023","FMWT","Grizzly Bay",2017,11,0,0,"Fall"
"1024","FMWT","Grizzly Bay",2017,12,0,0,"Fall"
"1025","FMWT","Grizzly Bay",2018,9,0,0,"Fall"
"1026","FMWT","Grizzly Bay",2018,10,0,0,"Fall"
"1027","FMWT","Grizzly Bay",2018,11,0,0,"Fall"
"1028","FMWT","Grizzly Bay",2018,12,0,0,"Fall"
"1029","FMWT","Grizzly Bay",2019,9,0,0,"Fall"
"1030","FMWT","Grizzly Bay",2019,10,0,0,"Fall"
"1031","FMWT","Grizzly Bay",2019,11,0,0,"Fall"
"1032","FMWT","Grizzly Bay",2019,12,0,0,"Fall"
"1033","FMWT","Grizzly Bay",2020,9,0,0,"Fall"
"1034","FMWT","Grizzly Bay",2020,10,0,0,"Fall"
"1035","FMWT","Grizzly Bay",2020,11,0,0,"Fall"
"1036","FMWT","Grizzly Bay",2020,12,0,0,"Fall"
"1037","FMWT","Grizzly Bay",2021,9,0,0,"Fall"
"1038","FMWT","Grizzly Bay",2021,10,0,0,"Fall"
"1039","FMWT","Grizzly Bay",2021,11,0,0,"Fall"
"1040","FMWT","Grizzly Bay",2021,12,0,0,"Fall"
"1041","FMWT","Grizzly Bay",2022,9,0,0,"Fall"
"1042","FMWT","Grizzly Bay",2022,10,0,0,"Fall"
"1043","FMWT","Grizzly Bay",2022,11,0,0,"Fall"
"1044","FMWT","Grizzly Bay",2022,12,0,0,"Fall"
"1045","FMWT","Grizzly Bay",2023,9,0,0,"Fall"
"1046","FMWT","Grizzly Bay",2023,10,0,0,"Fall"
"1047","FMWT","Grizzly Bay",2023,11,0,0,"Fall"
"1048","FMWT","Grizzly Bay",2023,12,0,0,"Fall"
"1049","FMWT","River",2010,9,1.75063015315361e-05,1,"Fall"
"1050","FMWT","River",2010,10,0.000237380283941096,10,"Fall"
"1051","FMWT","River",2010,11,0,0,"Fall"
"1052","FMWT","River",2010,12,0,0,"Fall"
"1053","FMWT","River",2011,9,0,0,"Fall"
"1054","FMWT","River",2011,10,0,0,"Fall"
"1055","FMWT","River",2011,11,0.00011202277390831,6,"Fall"
"1056","FMWT","River",2011,12,0.00296818507476851,150,"Fall"
"1057","FMWT","River",2012,9,0,0,"Fall"
"1058","FMWT","River",2012,10,0.000233586414252252,12,"Fall"
"1059","FMWT","River",2012,11,0.000205239740370407,10,"Fall"
"1060","FMWT","River",2012,12,0,0,"Fall"
"1061","FMWT","River",2013,9,1.96283972250879e-05,1,"Fall"
"1062","FMWT","River",2013,10,4.20367078392358e-05,2,"Fall"
"1063","FMWT","River",2013,11,4.46338396445172e-05,2,"Fall"
"1064","FMWT","River",2013,12,3.97579621636899e-05,2,"Fall"
"1065","FMWT","River",2014,9,5.76584846375463e-05,3,"Fall"
"1066","FMWT","River",2014,10,6.01582325102708e-05,3,"Fall"
"1067","FMWT","River",2014,11,0,0,"Fall"
"1068","FMWT","River",2014,12,0,0,"Fall"
"1069","FMWT","River",2015,9,7.22587008087315e-05,4,"Fall"
"1070","FMWT","River",2015,10,0,0,"Fall"
"1071","FMWT","River",2015,11,0,0,"Fall"
"1072","FMWT","River",2015,12,2.57088623570521e-05,1,"Fall"
"1073","FMWT","River",2016,9,0,0,"Fall"
"1074","FMWT","River",2016,10,0,0,"Fall"
"1075","FMWT","River",2016,11,0.000145222449090157,7,"Fall"
"1076","FMWT","River",2016,12,0,0,"Fall"
"1077","FMWT","River",2017,9,0,0,"Fall"
"1078","FMWT","River",2017,10,1.88999184278954e-05,1,"Fall"
"1079","FMWT","River",2017,11,0,0,"Fall"
"1080","FMWT","River",2017,12,0,0,"Fall"
"1081","FMWT","River",2018,9,0,0,"Fall"
"1082","FMWT","River",2018,10,0,0,"Fall"
"1083","FMWT","River",2018,11,0,0,"Fall"
"1084","FMWT","River",2018,12,0,0,"Fall"
"1085","FMWT","River",2019,9,0,0,"Fall"
"1086","FMWT","River",2019,10,0,0,"Fall"
"1087","FMWT","River",2019,11,0,0,"Fall"
"1088","FMWT","River",2019,12,0,0,"Fall"
"1089","FMWT","River",2020,9,0,0,"Fall"
"1090","FMWT","River",2020,10,0,0,"Fall"
"1091","FMWT","River",2020,11,0,0,"Fall"
"1092","FMWT","River",2020,12,0,0,"Fall"
"1093","FMWT","River",2021,9,0,0,"Fall"
"1094","FMWT","River",2021,10,0,0,"Fall"
"1095","FMWT","River",2021,11,0,0,"Fall"
"1096","FMWT","River",2021,12,0,0,"Fall"
"1097","FMWT","River",2022,9,0,0,"Fall"
"1098","FMWT","River",2022,10,0,0,"Fall"
"1099","FMWT","River",2022,11,0,0,"Fall"
"1100","FMWT","River",2022,12,0,0,"Fall"
"1101","FMWT","River",2023,9,0,0,"Fall"
"1102","FMWT","River",2023,10,0,0,"Fall"
"1103","FMWT","River",2023,11,0,0,"Fall"
"1104","FMWT","River",2023,12,0,0,"Fall"
"1105","FMWT","Suisun Bay",2010,9,2.3055363535301e-05,2,"Fall"
"1106","FMWT","Suisun Bay",2010,10,0,0,"Fall"
"1107","FMWT","Suisun Bay",2010,11,0,0,"Fall"
"1108","FMWT","Suisun Bay",2010,12,0.000118678960383343,8,"Fall"
"1109","FMWT","Suisun Bay",2011,9,0.000400686331452283,33,"Fall"
"1110","FMWT","Suisun Bay",2011,10,0.00051692730260823,36,"Fall"
"1111","FMWT","Suisun Bay",2011,11,5.52675885131316e-05,4,"Fall"
"1112","FMWT","Suisun Bay",2011,12,0.000245760972507215,20,"Fall"
"1113","FMWT","Suisun Bay",2012,9,0,0,"Fall"
"1114","FMWT","Suisun Bay",2012,10,0,0,"Fall"
"1115","FMWT","Suisun Bay",2012,11,0,0,"Fall"
"1116","FMWT","Suisun Bay",2012,12,0.00010440868288472,6,"Fall"
"1117","FMWT","Suisun Bay",2013,9,2.70334599318021e-05,2,"Fall"
"1118","FMWT","Suisun Bay",2013,10,0,0,"Fall"
"1119","FMWT","Suisun Bay",2013,11,0,0,"Fall"
"1120","FMWT","Suisun Bay",2013,12,3.95111217313918e-05,3,"Fall"
"1121","FMWT","Suisun Bay",2014,9,0,0,"Fall"
"1122","FMWT","Suisun Bay",2014,10,0,0,"Fall"
"1123","FMWT","Suisun Bay",2014,11,0,0,"Fall"
"1124","FMWT","Suisun Bay",2014,12,0,0,"Fall"
"1125","FMWT","Suisun Bay",2015,9,0,0,"Fall"
"1126","FMWT","Suisun Bay",2015,10,0,0,"Fall"
"1127","FMWT","Suisun Bay",2015,11,0,0,"Fall"
"1128","FMWT","Suisun Bay",2015,12,0,0,"Fall"
"1129","FMWT","Suisun Bay",2016,9,0,0,"Fall"
"1130","FMWT","Suisun Bay",2016,10,0,0,"Fall"
"1131","FMWT","Suisun Bay",2016,11,0,0,"Fall"
"1132","FMWT","Suisun Bay",2016,12,0,0,"Fall"
"1133","FMWT","Suisun Bay",2017,9,0,0,"Fall"
"1134","FMWT","Suisun Bay",2017,10,1.13392732759078e-05,1,"Fall"
"1135","FMWT","Suisun Bay",2017,11,0,0,"Fall"
"1136","FMWT","Suisun Bay",2017,12,0,0,"Fall"
"1137","FMWT","Suisun Bay",2018,9,0,0,"Fall"
"1138","FMWT","Suisun Bay",2018,10,0,0,"Fall"
"1139","FMWT","Suisun Bay",2018,11,0,0,"Fall"
"1140","FMWT","Suisun Bay",2018,12,0,0,"Fall"
"1141","FMWT","Suisun Bay",2019,9,0,0,"Fall"
"1142","FMWT","Suisun Bay",2019,10,0,0,"Fall"
"1143","FMWT","Suisun Bay",2019,11,0,0,"Fall"
"1144","FMWT","Suisun Bay",2019,12,0,0,"Fall"
"1145","FMWT","Suisun Bay",2020,9,0,0,"Fall"
"1146","FMWT","Suisun Bay",2020,10,0,0,"Fall"
"1147","FMWT","Suisun Bay",2020,11,0,0,"Fall"
"1148","FMWT","Suisun Bay",2020,12,0,0,"Fall"
"1149","FMWT","Suisun Bay",2021,9,0,0,"Fall"
"1150","FMWT","Suisun Bay",2021,10,0,0,"Fall"
"1151","FMWT","Suisun Bay",2021,11,0,0,"Fall"
"1152","FMWT","Suisun Bay",2021,12,0,0,"Fall"
"1153","FMWT","Suisun Bay",2022,9,0,0,"Fall"
"1154","FMWT","Suisun Bay",2022,10,0,0,"Fall"
"1155","FMWT","Suisun Bay",2022,11,0,0,"Fall"
"1156","FMWT","Suisun Bay",2022,12,0,0,"Fall"
"1157","FMWT","Suisun Bay",2023,9,0,0,"Fall"
"1158","FMWT","Suisun Bay",2023,10,0,0,"Fall"
"1159","FMWT","Suisun Bay",2023,11,0,0,"Fall"
"1160","FMWT","Suisun Bay",2023,12,0,0,"Fall"
"1161","FMWT","Suisun Marsh",2010,9,0,0,"Fall"
"1162","FMWT","Suisun Marsh",2010,10,0,0,"Fall"
"1163","FMWT","Suisun Marsh",2010,11,0,0,"Fall"
"1164","FMWT","Suisun Marsh",2010,12,0.000100027884461186,2,"Fall"
"1165","FMWT","Suisun Marsh",2011,9,0,0,"Fall"
"1166","FMWT","Suisun Marsh",2011,10,0,0,"Fall"
"1167","FMWT","Suisun Marsh",2011,11,0.000456882091777741,10,"Fall"
"1168","FMWT","Suisun Marsh",2011,12,0.000589459535088381,13,"Fall"
"1169","FMWT","Suisun Marsh",2012,9,0,0,"Fall"
"1170","FMWT","Suisun Marsh",2012,10,0,0,"Fall"
"1171","FMWT","Suisun Marsh",2012,11,0,0,"Fall"
"1172","FMWT","Suisun Marsh",2012,12,0,0,"Fall"
"1173","FMWT","Suisun Marsh",2013,9,0,0,"Fall"
"1174","FMWT","Suisun Marsh",2013,10,0,0,"Fall"
"1175","FMWT","Suisun Marsh",2013,11,0,0,"Fall"
"1176","FMWT","Suisun Marsh",2013,12,5.08085776014606e-05,1,"Fall"
"1177","FMWT","Suisun Marsh",2014,9,0,0,"Fall"
"1178","FMWT","Suisun Marsh",2014,10,0,0,"Fall"
"1179","FMWT","Suisun Marsh",2014,11,0,0,"Fall"
"1180","FMWT","Suisun Marsh",2014,12,0,0,"Fall"
"1181","FMWT","Suisun Marsh",2015,9,0,0,"Fall"
"1182","FMWT","Suisun Marsh",2015,10,0,0,"Fall"
"1183","FMWT","Suisun Marsh",2015,11,0,0,"Fall"
"1184","FMWT","Suisun Marsh",2015,12,5.17058926723789e-05,1,"Fall"
"1185","FMWT","Suisun Marsh",2016,9,0,0,"Fall"
"1186","FMWT","Suisun Marsh",2016,10,0,0,"Fall"
"1187","FMWT","Suisun Marsh",2016,11,0,0,"Fall"
"1188","FMWT","Suisun Marsh",2016,12,0,0,"Fall"
"1189","FMWT","Suisun Marsh",2017,9,0,0,"Fall"
"1190","FMWT","Suisun Marsh",2017,10,0,0,"Fall"
"1191","FMWT","Suisun Marsh",2017,11,0,0,"Fall"
"1192","FMWT","Suisun Marsh",2017,12,0,0,"Fall"
"1193","FMWT","Suisun Marsh",2018,9,0,0,"Fall"
"1194","FMWT","Suisun Marsh",2018,10,0,0,"Fall"
"1195","FMWT","Suisun Marsh",2018,11,0,0,"Fall"
"1196","FMWT","Suisun Marsh",2018,12,0,0,"Fall"
"1197","FMWT","Suisun Marsh",2019,9,0,0,"Fall"
"1198","FMWT","Suisun Marsh",2019,10,0,0,"Fall"
"1199","FMWT","Suisun Marsh",2019,11,0,0,"Fall"
"1200","FMWT","Suisun Marsh",2019,12,0,0,"Fall"
"1201","FMWT","Suisun Marsh",2020,9,0,0,"Fall"
"1202","FMWT","Suisun Marsh",2020,10,0,0,"Fall"
"1203","FMWT","Suisun Marsh",2020,11,0,0,"Fall"
"1204","FMWT","Suisun Marsh",2020,12,0,0,"Fall"
"1205","FMWT","Suisun Marsh",2021,9,0,0,"Fall"
"1206","FMWT","Suisun Marsh",2021,10,0,0,"Fall"
"1207","FMWT","Suisun Marsh",2021,11,0,0,"Fall"
"1208","FMWT","Suisun Marsh",2021,12,0,0,"Fall"
"1209","FMWT","Suisun Marsh",2022,9,0,0,"Fall"
"1210","FMWT","Suisun Marsh",2022,10,0,0,"Fall"
"1211","FMWT","Suisun Marsh",2022,11,0,0,"Fall"
"1212","FMWT","Suisun Marsh",2022,12,0,0,"Fall"
"1213","FMWT","Suisun Marsh",2023,9,0,0,"Fall"
"1214","FMWT","Suisun Marsh",2023,10,0,0,"Fall"
"1215","FMWT","Suisun Marsh",2023,11,0,0,"Fall"
"1216","FMWT","Suisun Marsh",2023,12,0,0,"Fall"
"1217","FMWT",NA,2010,9,2.15028281524546e-05,11,"Fall"
"1218","FMWT",NA,2010,10,1.22075391908632e-05,6,"Fall"
"1219","FMWT",NA,2010,11,0,0,"Fall"
"1220","FMWT",NA,2010,12,1.32286849416586e-05,7,"Fall"
"1221","FMWT",NA,2011,9,1.75413742948648e-05,9,"Fall"
"1222","FMWT",NA,2011,10,3.17746788618804e-05,15,"Fall"
"1223","FMWT",NA,2011,11,4.08841089152078e-05,20,"Fall"
"1224","FMWT",NA,2011,12,2.7613870249712e-05,13,"Fall"
"1225","FMWT",NA,2012,9,0,0,"Fall"
"1226","FMWT",NA,2012,10,1.96229613908839e-05,10,"Fall"
"1227","FMWT",NA,2012,11,7.29927955908771e-06,3,"Fall"
"1228","FMWT",NA,2012,12,1.020155211701e-05,4,"Fall"
"1229","FMWT",NA,2013,9,2.29913339301405e-06,1,"Fall"
"1230","FMWT",NA,2013,10,2.408257225173e-06,1,"Fall"
"1231","FMWT",NA,2013,11,5.18566027550126e-06,2,"Fall"
"1232","FMWT",NA,2013,12,5.25735757780083e-06,2,"Fall"
"1233","FMWT",NA,2014,9,2.36694639712167e-06,1,"Fall"
"1234","FMWT",NA,2014,10,0,0,"Fall"
"1235","FMWT",NA,2014,11,0,0,"Fall"
"1236","FMWT",NA,2014,12,7.47326930010008e-06,3,"Fall"
"1237","FMWT",NA,2015,8,0,0,"Summer"
"1238","FMWT",NA,2015,9,0,0,"Fall"
"1239","FMWT",NA,2015,10,2.45654929113187e-06,1,"Fall"
"1240","FMWT",NA,2015,11,0,0,"Fall"
"1241","FMWT",NA,2015,12,0,0,"Fall"
"1242","FMWT",NA,2016,9,0,0,"Fall"
"1243","FMWT",NA,2016,10,0,0,"Fall"
"1244","FMWT",NA,2016,11,0,0,"Fall"
"1245","FMWT",NA,2016,12,0,0,"Fall"
"1246","FMWT",NA,2017,9,0,0,"Fall"
"1247","FMWT",NA,2017,10,0,0,"Fall"
"1248","FMWT",NA,2017,11,0,0,"Fall"
"1249","FMWT",NA,2017,12,0,0,"Fall"
"1250","FMWT",NA,2018,9,0,0,"Fall"
"1251","FMWT",NA,2018,10,0,0,"Fall"
"1252","FMWT",NA,2018,11,0,0,"Fall"
"1253","FMWT",NA,2018,12,0,0,"Fall"
"1254","FMWT",NA,2019,9,0,0,"Fall"
"1255","FMWT",NA,2019,10,0,0,"Fall"
"1256","FMWT",NA,2019,11,0,0,"Fall"
"1257","FMWT",NA,2019,12,0,0,"Fall"
"1258","FMWT",NA,2020,9,0,0,"Fall"
"1259","FMWT",NA,2020,10,0,0,"Fall"
"1260","FMWT",NA,2020,11,0,0,"Fall"
"1261","FMWT",NA,2020,12,0,0,"Fall"
"1262","FMWT",NA,2021,9,0,0,"Fall"
"1263","FMWT",NA,2021,10,0,0,"Fall"
"1264","FMWT",NA,2021,11,0,0,"Fall"
"1265","FMWT",NA,2021,12,0,0,"Fall"
"1266","FMWT",NA,2022,9,0,0,"Fall"
"1267","FMWT",NA,2022,10,0,0,"Fall"
"1268","FMWT",NA,2022,11,0,0,"Fall"
"1269","FMWT",NA,2022,12,0,0,"Fall"
"1270","FMWT",NA,2023,9,0,0,"Fall"
"1271","FMWT",NA,2023,10,0,0,"Fall"
"1272","FMWT",NA,2023,11,0,0,"Fall"
"1273","FMWT",NA,2023,12,0,0,"Fall"
"1274","SKT","Grizzly Bay",2010,1,0.00015489979292237,1,"Spring"
"1275","SKT","Grizzly Bay",2010,2,0,0,"Spring"
"1276","SKT","Grizzly Bay",2010,3,0,0,"Spring"
"1277","SKT","Grizzly Bay",2010,4,0,0,"Spring"
"1278","SKT","Grizzly Bay",2010,5,0,0,"Spring"
"1279","SKT","Grizzly Bay",2011,1,0.000126892271616218,1,"Spring"
"1280","SKT","Grizzly Bay",2011,2,0.00011872571363344,1,"Spring"
"1281","SKT","Grizzly Bay",2011,3,0.000119331186092696,1,"Spring"
"1282","SKT","Grizzly Bay",2011,4,0.000419043998573008,4,"Spring"
"1283","SKT","Grizzly Bay",2011,5,0.000244648904839375,2,"Spring"
"1284","SKT","Grizzly Bay",2012,1,0,0,"Spring"
"1285","SKT","Grizzly Bay",2012,2,0,0,"Spring"
"1286","SKT","Grizzly Bay",2012,4,0.00288520177926272,18,"Spring"
"1287","SKT","Grizzly Bay",2012,5,0.00043033921282794,3,"Spring"
"1288","SKT","Grizzly Bay",2013,1,0.000381293501131522,3,"Spring"
"1289","SKT","Grizzly Bay",2013,2,0,0,"Spring"
"1290","SKT","Grizzly Bay",2013,3,0,0,"Spring"
"1291","SKT","Grizzly Bay",2013,4,0,0,"Spring"
"1292","SKT","Grizzly Bay",2013,5,0,0,"Spring"
"1293","SKT","Grizzly Bay",2014,1,0,0,"Spring"
"1294","SKT","Grizzly Bay",2014,2,0,0,"Spring"
"1295","SKT","Grizzly Bay",2014,3,0,0,"Spring"
"1296","SKT","Grizzly Bay",2014,4,0,0,"Spring"
"1297","SKT","Grizzly Bay",2014,5,0,0,"Spring"
"1298","SKT","Grizzly Bay",2014,12,0.000141784274153084,1,"Fall"
"1299","SKT","Grizzly Bay",2015,1,0,0,"Spring"
"1300","SKT","Grizzly Bay",2015,2,0,0,"Spring"
"1301","SKT","Grizzly Bay",2015,3,0,0,"Spring"
"1302","SKT","Grizzly Bay",2015,4,0,0,"Spring"
"1303","SKT","Grizzly Bay",2015,5,0,0,"Spring"
"1304","SKT","Grizzly Bay",2015,12,0,0,"Fall"
"1305","SKT","Grizzly Bay",2016,1,0,0,"Spring"
"1306","SKT","Grizzly Bay",2016,2,0,0,"Spring"
"1307","SKT","Grizzly Bay",2016,3,0,0,"Spring"
"1308","SKT","Grizzly Bay",2016,4,0,0,"Spring"
"1309","SKT","Grizzly Bay",2016,5,0,0,"Spring"
"1310","SKT","Grizzly Bay",2016,12,0,0,"Fall"
"1311","SKT","Grizzly Bay",2017,1,0,0,"Spring"
"1312","SKT","Grizzly Bay",2017,2,0,0,"Spring"
"1313","SKT","Grizzly Bay",2017,3,0,0,"Spring"
"1314","SKT","Grizzly Bay",2017,4,0,0,"Spring"
"1315","SKT","Grizzly Bay",2017,5,0,0,"Spring"
"1316","SKT","Grizzly Bay",2017,12,0,0,"Fall"
"1317","SKT","Grizzly Bay",2018,1,0,0,"Spring"
"1318","SKT","Grizzly Bay",2018,2,0,0,"Spring"
"1319","SKT","Grizzly Bay",2018,3,0,0,"Spring"
"1320","SKT","Grizzly Bay",2018,4,0,0,"Spring"
"1321","SKT","Grizzly Bay",2018,5,0,0,"Spring"
"1322","SKT","Grizzly Bay",2018,12,0,0,"Fall"
"1323","SKT","Grizzly Bay",2019,1,0,0,"Spring"
"1324","SKT","Grizzly Bay",2019,2,0,0,"Spring"
"1325","SKT","Grizzly Bay",2019,3,0,0,"Spring"
"1326","SKT","Grizzly Bay",2019,4,0,0,"Spring"
"1327","SKT","Grizzly Bay",2019,5,0,0,"Spring"
"1328","SKT","Grizzly Bay",2019,12,0,0,"Fall"
"1329","SKT","Grizzly Bay",2020,1,0,0,"Spring"
"1330","SKT","Grizzly Bay",2020,2,0,0,"Spring"
"1331","SKT","Grizzly Bay",2020,3,0,0,"Spring"
"1332","SKT","Grizzly Bay",2021,1,0,0,"Spring"
"1333","SKT","Grizzly Bay",2021,2,0,0,"Spring"
"1334","SKT","Grizzly Bay",2021,3,0,0,"Spring"
"1335","SKT","Grizzly Bay",2021,4,0,0,"Spring"
"1336","SKT","Grizzly Bay",2022,2,0,0,"Spring"
"1337","SKT","Grizzly Bay",2022,3,0,0,"Spring"
"1338","SKT","Grizzly Bay",2022,4,0,0,"Spring"
"1339","SKT","Grizzly Bay",2022,5,0,0,"Spring"
"1340","SKT","Grizzly Bay",2023,1,0,0,"Spring"
"1341","SKT","Grizzly Bay",2023,2,0,0,"Spring"
"1342","SKT","Grizzly Bay",2023,3,0,0,"Spring"
"1343","SKT","Grizzly Bay",2023,4,0,0,"Spring"
"1344","SKT","Grizzly Bay",2023,5,0,0,"Spring"
"1345","SKT","River",2010,1,0.000640000017661707,14,"Spring"
"1346","SKT","River",2010,2,4.02051204846586e-05,1,"Spring"
"1347","SKT","River",2010,3,0.000566545574767559,11,"Spring"
"1348","SKT","River",2010,4,0.000309589848804533,12,"Spring"
"1349","SKT","River",2010,5,7.13853921514699e-05,2,"Spring"
"1350","SKT","River",2011,1,0.000774488960131159,23,"Spring"
"1351","SKT","River",2011,2,3.28513464767996e-05,1,"Spring"
"1352","SKT","River",2011,3,0.000212434620721411,5,"Spring"
"1353","SKT","River",2011,4,0,0,"Spring"
"1354","SKT","River",2011,5,3.07886580553569e-05,1,"Spring"
"1355","SKT","River",2012,1,0.000845532425642664,25,"Spring"
"1356","SKT","River",2012,2,0.000911324495838251,31,"Spring"
"1357","SKT","River",2012,3,0.000772808637375268,15,"Spring"
"1358","SKT","River",2012,4,0.000311055155399241,9,"Spring"
"1359","SKT","River",2012,5,0.000239461383806568,7,"Spring"
"1360","SKT","River",2013,1,0.000100152533061529,3,"Spring"
"1361","SKT","River",2013,2,0,0,"Spring"
"1362","SKT","River",2013,3,0.000851539926235425,17,"Spring"
"1363","SKT","River",2013,4,0.000278373773082474,11,"Spring"
"1364","SKT","River",2013,5,5.83494394433193e-05,2,"Spring"
"1365","SKT","River",2014,1,0.000622332949080449,18,"Spring"
"1366","SKT","River",2014,2,0.000140740280374504,4,"Spring"
"1367","SKT","River",2014,3,0.00021617091809529,6,"Spring"
"1368","SKT","River",2014,4,6.02311456685005e-05,2,"Spring"
"1369","SKT","River",2014,5,3.52325831297037e-05,1,"Spring"
"1370","SKT","River",2014,12,0.000370851990951065,24,"Fall"
"1371","SKT","River",2015,1,0.000277045161127499,4,"Spring"
"1372","SKT","River",2015,2,0.000905043299739378,33,"Spring"
"1373","SKT","River",2015,3,7.24242325672276e-05,3,"Spring"
"1374","SKT","River",2015,4,0,0,"Spring"
"1375","SKT","River",2015,5,0,0,"Spring"
"1376","SKT","River",2015,12,0,0,"Fall"
"1377","SKT","River",2016,1,0.000153429050182663,4,"Spring"
"1378","SKT","River",2016,2,0,0,"Spring"
"1379","SKT","River",2016,3,0,0,"Spring"
"1380","SKT","River",2016,4,0,0,"Spring"
"1381","SKT","River",2016,5,0,0,"Spring"
"1382","SKT","River",2016,12,0.00578858571883036,216,"Fall"
"1383","SKT","River",2017,1,3.02458113715758e-05,1,"Spring"
"1384","SKT","River",2017,2,0,0,"Spring"
"1385","SKT","River",2017,3,9.22673882021145e-05,2,"Spring"
"1386","SKT","River",2017,4,0,0,"Spring"
"1387","SKT","River",2017,5,0,0,"Spring"
"1388","SKT","River",2017,12,0.000172174309962977,5,"Fall"
"1389","SKT","River",2018,1,0.000363621773979843,9,"Spring"
"1390","SKT","River",2018,2,0,0,"Spring"
"1391","SKT","River",2018,3,0,0,"Spring"
"1392","SKT","River",2018,4,0,0,"Spring"
"1393","SKT","River",2018,5,0,0,"Spring"
"1394","SKT","River",2018,12,0.000154630417594118,4,"Fall"
"1395","SKT","River",2019,1,3.79363065862126e-05,1,"Spring"
"1396","SKT","River",2019,2,0,0,"Spring"
"1397","SKT","River",2019,3,0,0,"Spring"
"1398","SKT","River",2019,4,0,0,"Spring"
"1399","SKT","River",2019,5,0,0,"Spring"
"1400","SKT","River",2019,12,0,0,"Fall"
"1401","SKT","River",2020,1,3.31287796065093e-05,1,"Spring"
"1402","SKT","River",2020,2,4.28119877690846e-05,1,"Spring"
"1403","SKT","River",2020,3,0,0,"Spring"
"1404","SKT","River",2021,1,0,0,"Spring"
"1405","SKT","River",2021,2,0,0,"Spring"
"1406","SKT","River",2021,3,0,0,"Spring"
"1407","SKT","River",2021,4,0,0,"Spring"
"1408","SKT","River",2022,1,0,0,"Spring"
"1409","SKT","River",2022,2,0,0,"Spring"
"1410","SKT","River",2022,3,3.91339905803082e-05,1,"Spring"
"1411","SKT","River",2022,4,0,0,"Spring"
"1412","SKT","River",2022,5,0,0,"Spring"
"1413","SKT","River",2023,1,0,0,"Spring"
"1414","SKT","River",2023,2,4.05670864090901e-05,1,"Spring"
"1415","SKT","River",2023,3,0,0,"Spring"
"1416","SKT","River",2023,4,0,0,"Spring"
"1417","SKT","River",2023,5,0,0,"Spring"
"1418","SKT","Suisun Bay",2010,1,0,0,"Spring"
"1419","SKT","Suisun Bay",2010,2,6.12549217855269e-05,1,"Spring"
"1420","SKT","Suisun Bay",2010,3,7.27223721794969e-05,1,"Spring"
"1421","SKT","Suisun Bay",2010,4,4.06834024816393e-05,1,"Spring"
"1422","SKT","Suisun Bay",2010,5,0,0,"Spring"
"1423","SKT","Suisun Bay",2011,1,3.50995320190545e-05,1,"Spring"
"1424","SKT","Suisun Bay",2011,2,0.000171744098243377,3,"Spring"
"1425","SKT","Suisun Bay",2011,3,7.38212075250069e-05,2,"Spring"
"1426","SKT","Suisun Bay",2011,4,3.96847471498129e-05,1,"Spring"
"1427","SKT","Suisun Bay",2011,5,6.82223842128905e-05,2,"Spring"
"1428","SKT","Suisun Bay",2012,1,0.00476654287092315,70,"Spring"
"1429","SKT","Suisun Bay",2012,2,0.0044611650129882,101,"Spring"
"1430","SKT","Suisun Bay",2012,4,0.000180132539300701,4,"Spring"
"1431","SKT","Suisun Bay",2012,5,0.000523862141862397,11,"Spring"
"1432","SKT","Suisun Bay",2013,1,0.000126178011159175,3,"Spring"
"1433","SKT","Suisun Bay",2013,2,0,0,"Spring"
"1434","SKT","Suisun Bay",2013,3,0.000189065797286564,5,"Spring"
"1435","SKT","Suisun Bay",2013,4,0,0,"Spring"
"1436","SKT","Suisun Bay",2013,5,0,0,"Spring"
"1437","SKT","Suisun Bay",2014,1,0.000227188121953424,6,"Spring"
"1438","SKT","Suisun Bay",2014,2,0,0,"Spring"
"1439","SKT","Suisun Bay",2014,3,0,0,"Spring"
"1440","SKT","Suisun Bay",2014,4,4.11103816468033e-05,1,"Spring"
"1441","SKT","Suisun Bay",2014,5,0,0,"Spring"
"1442","SKT","Suisun Bay",2014,12,0.000148310179513103,4,"Fall"
"1443","SKT","Suisun Bay",2015,1,0,0,"Spring"
"1444","SKT","Suisun Bay",2015,2,0,0,"Spring"
"1445","SKT","Suisun Bay",2015,3,0,0,"Spring"
"1446","SKT","Suisun Bay",2015,4,0,0,"Spring"
"1447","SKT","Suisun Bay",2015,5,0,0,"Spring"
"1448","SKT","Suisun Bay",2015,12,0,0,"Fall"
"1449","SKT","Suisun Bay",2016,1,0,0,"Spring"
"1450","SKT","Suisun Bay",2016,2,0,0,"Spring"
"1451","SKT","Suisun Bay",2016,3,0,0,"Spring"
"1452","SKT","Suisun Bay",2016,4,0,0,"Spring"
"1453","SKT","Suisun Bay",2016,5,0,0,"Spring"
"1454","SKT","Suisun Bay",2016,12,5.31867714223417e-05,1,"Fall"
"1455","SKT","Suisun Bay",2017,1,0,0,"Spring"
"1456","SKT","Suisun Bay",2017,2,0,0,"Spring"
"1457","SKT","Suisun Bay",2017,3,0,0,"Spring"
"1458","SKT","Suisun Bay",2017,4,0,0,"Spring"
"1459","SKT","Suisun Bay",2017,5,0,0,"Spring"
"1460","SKT","Suisun Bay",2017,12,0,0,"Fall"
"1461","SKT","Suisun Bay",2018,1,0,0,"Spring"
"1462","SKT","Suisun Bay",2018,2,0,0,"Spring"
"1463","SKT","Suisun Bay",2018,3,0,0,"Spring"
"1464","SKT","Suisun Bay",2018,4,0,0,"Spring"
"1465","SKT","Suisun Bay",2018,5,0,0,"Spring"
"1466","SKT","Suisun Bay",2018,12,0,0,"Fall"
"1467","SKT","Suisun Bay",2019,1,0,0,"Spring"
"1468","SKT","Suisun Bay",2019,2,0,0,"Spring"
"1469","SKT","Suisun Bay",2019,3,0,0,"Spring"
"1470","SKT","Suisun Bay",2019,4,0,0,"Spring"
"1471","SKT","Suisun Bay",2019,5,0,0,"Spring"
"1472","SKT","Suisun Bay",2019,12,0,0,"Fall"
"1473","SKT","Suisun Bay",2020,1,0,0,"Spring"
"1474","SKT","Suisun Bay",2020,2,0,0,"Spring"
"1475","SKT","Suisun Bay",2020,3,0,0,"Spring"
"1476","SKT","Suisun Bay",2021,1,0,0,"Spring"
"1477","SKT","Suisun Bay",2021,2,0,0,"Spring"
"1478","SKT","Suisun Bay",2021,3,0,0,"Spring"
"1479","SKT","Suisun Bay",2021,4,0,0,"Spring"
"1480","SKT","Suisun Bay",2022,1,0,0,"Spring"
"1481","SKT","Suisun Bay",2022,2,0,0,"Spring"
"1482","SKT","Suisun Bay",2022,3,0,0,"Spring"
"1483","SKT","Suisun Bay",2022,4,0,0,"Spring"
"1484","SKT","Suisun Bay",2022,5,0,0,"Spring"
"1485","SKT","Suisun Bay",2023,1,0,0,"Spring"
"1486","SKT","Suisun Bay",2023,2,0,0,"Spring"
"1487","SKT","Suisun Bay",2023,3,0,0,"Spring"
"1488","SKT","Suisun Bay",2023,4,0,0,"Spring"
"1489","SKT","Suisun Bay",2023,5,0,0,"Spring"
"1490","SKT","Suisun Marsh",2010,1,0.003869748368307,62,"Spring"
"1491","SKT","Suisun Marsh",2010,2,0.00230158763100649,38,"Spring"
"1492","SKT","Suisun Marsh",2010,3,0.000105458867892867,2,"Spring"
"1493","SKT","Suisun Marsh",2010,4,0,0,"Spring"
"1494","SKT","Suisun Marsh",2010,5,0,0,"Spring"
"1495","SKT","Suisun Marsh",2011,1,0.000724679807824252,15,"Spring"
"1496","SKT","Suisun Marsh",2011,2,0.00305983792813579,71,"Spring"
"1497","SKT","Suisun Marsh",2011,3,0.00124750975582009,30,"Spring"
"1498","SKT","Suisun Marsh",2011,4,0.000222403234927278,6,"Spring"
"1499","SKT","Suisun Marsh",2011,5,0,0,"Spring"
"1500","SKT","Suisun Marsh",2012,1,0.00368343949928284,64,"Spring"
"1501","SKT","Suisun Marsh",2012,2,0.00299033403997582,61,"Spring"
"1502","SKT","Suisun Marsh",2012,4,0.00305909861826091,56,"Spring"
"1503","SKT","Suisun Marsh",2012,5,6.55010272293708e-05,1,"Spring"
"1504","SKT","Suisun Marsh",2013,1,0.00120783665052696,27,"Spring"
"1505","SKT","Suisun Marsh",2013,2,0.00283008456775617,46,"Spring"
"1506","SKT","Suisun Marsh",2013,3,0.000614613498428743,15,"Spring"
"1507","SKT","Suisun Marsh",2013,4,0.000117445046181311,3,"Spring"
"1508","SKT","Suisun Marsh",2013,5,0.000201071060702526,5,"Spring"
"1509","SKT","Suisun Marsh",2014,1,0.00564205872786011,92,"Spring"
"1510","SKT","Suisun Marsh",2014,2,0.00136300290250766,34,"Spring"
"1511","SKT","Suisun Marsh",2014,3,0.00127338182851251,21,"Spring"
"1512","SKT","Suisun Marsh",2014,4,9.17196807095476e-05,2,"Spring"
"1513","SKT","Suisun Marsh",2014,5,4.62534563378438e-05,1,"Spring"
"1514","SKT","Suisun Marsh",2014,12,0,0,"Fall"
"1515","SKT","Suisun Marsh",2015,1,0.000392008616432889,6,"Spring"
"1516","SKT","Suisun Marsh",2015,2,0.0012438965461394,19,"Spring"
"1517","SKT","Suisun Marsh",2015,3,4.56667066220897e-05,1,"Spring"
"1518","SKT","Suisun Marsh",2015,4,0,0,"Spring"
"1519","SKT","Suisun Marsh",2015,5,0,0,"Spring"
"1520","SKT","Suisun Marsh",2015,12,9.91443880959702e-05,2,"Fall"
"1521","SKT","Suisun Marsh",2016,1,6.73363456750253e-05,1,"Spring"
"1522","SKT","Suisun Marsh",2016,2,8.19668551473736e-05,2,"Spring"
"1523","SKT","Suisun Marsh",2016,3,4.66955385273978e-05,1,"Spring"
"1524","SKT","Suisun Marsh",2016,4,0,0,"Spring"
"1525","SKT","Suisun Marsh",2016,5,0.000191091792075604,3,"Spring"
"1526","SKT","Suisun Marsh",2016,12,0.000405924102454835,5,"Fall"
"1527","SKT","Suisun Marsh",2017,1,6.81256853078998e-05,1,"Spring"
"1528","SKT","Suisun Marsh",2017,2,0.000230319280039269,4,"Spring"
"1529","SKT","Suisun Marsh",2017,3,0,0,"Spring"
"1530","SKT","Suisun Marsh",2017,4,0,0,"Spring"
"1531","SKT","Suisun Marsh",2017,5,0,0,"Spring"
"1532","SKT","Suisun Marsh",2017,12,4.38687870461645e-05,1,"Fall"
"1533","SKT","Suisun Marsh",2018,1,5.67330086542914e-05,1,"Spring"
"1534","SKT","Suisun Marsh",2018,2,0.000199426900332236,4,"Spring"
"1535","SKT","Suisun Marsh",2018,3,0,0,"Spring"
"1536","SKT","Suisun Marsh",2018,4,0,0,"Spring"
"1537","SKT","Suisun Marsh",2018,5,0,0,"Spring"
"1538","SKT","Suisun Marsh",2018,12,5.15464605587657e-05,1,"Fall"
"1539","SKT","Suisun Marsh",2019,1,0,0,"Spring"
"1540","SKT","Suisun Marsh",2019,2,0,0,"Spring"
"1541","SKT","Suisun Marsh",2019,3,0,0,"Spring"
"1542","SKT","Suisun Marsh",2019,4,0,0,"Spring"
"1543","SKT","Suisun Marsh",2019,5,0,0,"Spring"
"1544","SKT","Suisun Marsh",2019,12,0,0,"Fall"
"1545","SKT","Suisun Marsh",2020,1,0,0,"Spring"
"1546","SKT","Suisun Marsh",2020,2,0,0,"Spring"
"1547","SKT","Suisun Marsh",2020,3,0,0,"Spring"
"1548","SKT","Suisun Marsh",2021,1,0,0,"Spring"
"1549","SKT","Suisun Marsh",2021,2,0,0,"Spring"
"1550","SKT","Suisun Marsh",2021,3,0,0,"Spring"
"1551","SKT","Suisun Marsh",2021,4,0,0,"Spring"
"1552","SKT","Suisun Marsh",2022,2,0.000298085647116073,5,"Spring"
"1553","SKT","Suisun Marsh",2022,3,0.000413565071491436,8,"Spring"
"1554","SKT","Suisun Marsh",2022,4,3.81097396124939e-05,1,"Spring"
"1555","SKT","Suisun Marsh",2022,5,0,0,"Spring"
"1556","SKT","Suisun Marsh",2023,1,0,0,"Spring"
"1557","SKT","Suisun Marsh",2023,2,0,0,"Spring"
"1558","SKT","Suisun Marsh",2023,3,0,0,"Spring"
"1559","SKT","Suisun Marsh",2023,4,0,0,"Spring"
"1560","SKT","Suisun Marsh",2023,5,0,0,"Spring"
"1561","SKT",NA,2010,1,0.000104264950147615,11,"Spring"
"1562","SKT",NA,2010,2,0.000117746287314051,17,"Spring"
"1563","SKT",NA,2010,3,0.000655075426252432,64,"Spring"
"1564","SKT",NA,2010,4,0.000892453979630907,116,"Spring"
"1565","SKT",NA,2010,5,2.06149257192802e-05,4,"Spring"
"1566","SKT",NA,2011,1,0.00120317822696532,137,"Spring"
"1567","SKT",NA,2011,2,0.000444780282234776,52,"Spring"
"1568","SKT",NA,2011,3,9.92816502502528e-05,14,"Spring"
"1569","SKT",NA,2011,4,0.000401236105197207,51,"Spring"
"1570","SKT",NA,2011,5,0.000156881979886174,21,"Spring"
"1571","SKT",NA,2012,1,0.0012521474936704,161,"Spring"
"1572","SKT",NA,2012,2,0.0007476082564798,94,"Spring"
"1573","SKT",NA,2012,3,0.00243535612007917,281,"Spring"
"1574","SKT",NA,2012,4,0.000522817009118764,95,"Spring"
"1575","SKT",NA,2012,5,0.00102085413240118,99,"Spring"
"1576","SKT",NA,2013,1,0.000481744376566829,64,"Spring"
"1577","SKT",NA,2013,2,0.000660290525712321,79,"Spring"
"1578","SKT",NA,2013,3,0.000338144517032588,38,"Spring"
"1579","SKT",NA,2013,4,3.7297436787782e-05,13,"Spring"
"1580","SKT",NA,2013,5,8.70786645392002e-05,7,"Spring"
"1581","SKT",NA,2014,1,0.000143876463288336,32,"Spring"
"1582","SKT",NA,2014,2,0.000102418933353389,17,"Spring"
"1583","SKT",NA,2014,3,0.000316382017578954,61,"Spring"
"1584","SKT",NA,2014,4,0.000139860438662865,31,"Spring"
"1585","SKT",NA,2014,5,0.000125047131270853,26,"Spring"
"1586","SKT",NA,2014,12,2.62342494162876e-05,8,"Fall"
"1587","SKT",NA,2015,1,9.40096509474862e-05,11,"Spring"
"1588","SKT",NA,2015,2,8.14980873551192e-05,20,"Spring"
"1589","SKT",NA,2015,3,1.66696643906554e-05,2,"Spring"
"1590","SKT",NA,2015,4,4.01501128693601e-06,1,"Spring"
"1591","SKT",NA,2015,5,4.27110892397765e-05,8,"Spring"
"1592","SKT",NA,2015,12,0,0,"Fall"
"1593","SKT",NA,2016,1,9.46007158704566e-06,2,"Spring"
"1594","SKT",NA,2016,2,2.4838361189088e-05,4,"Spring"
"1595","SKT",NA,2016,3,2.3844405979877e-05,6,"Spring"
"1596","SKT",NA,2016,4,8.2128366191999e-05,13,"Spring"
"1597","SKT",NA,2016,5,0.000169701425805648,23,"Spring"
"1598","SKT",NA,2016,12,2.35164497949346e-05,5,"Fall"
"1599","SKT",NA,2017,1,0.000124107083350015,16,"Spring"
"1600","SKT",NA,2017,2,3.13413958598197e-05,4,"Spring"
"1601","SKT",NA,2017,3,4.43060349687046e-05,7,"Spring"
"1602","SKT",NA,2017,4,2.46473124691958e-05,4,"Spring"
"1603","SKT",NA,2017,5,0,0,"Spring"
"1604","SKT",NA,2017,12,0,0,"Fall"
"1605","SKT",NA,2018,1,0,0,"Spring"
"1606","SKT",NA,2018,2,0,0,"Spring"
"1607","SKT",NA,2018,3,4.86815401614389e-06,1,"Spring"
"1608","SKT",NA,2018,4,0,0,"Spring"
"1609","SKT",NA,2018,5,7.30241759765046e-06,1,"Spring"
"1610","SKT",NA,2018,12,0,0,"Fall"
"1611","SKT",NA,2019,1,0,0,"Spring"
"1612","SKT",NA,2019,2,9.83065780442873e-06,1,"Spring"
"1613","SKT",NA,2019,3,0,0,"Spring"
"1614","SKT",NA,2019,4,0,0,"Spring"
"1615","SKT",NA,2019,5,0,0,"Spring"
"1616","SKT",NA,2019,12,0,0,"Fall"
"1617","SKT",NA,2020,1,0,0,"Spring"
"1618","SKT",NA,2020,2,0,0,"Spring"
"1619","SKT",NA,2020,3,0,0,"Spring"
"1620","SKT",NA,2021,1,0,0,"Spring"
"1621","SKT",NA,2021,2,0,0,"Spring"
"1622","SKT",NA,2021,3,0,0,"Spring"
"1623","SKT",NA,2021,4,0,0,"Spring"
"1624","SKT",NA,2022,1,0,0,"Spring"
"1625","SKT",NA,2022,2,0,0,"Spring"
"1626","SKT",NA,2022,3,1.09916675790212e-05,2,"Spring"
"1627","SKT",NA,2022,4,4.17254570809883e-06,1,"Spring"
"1628","SKT",NA,2022,5,0,0,"Spring"
"1629","SKT",NA,2023,1,0,0,"Spring"
"1630","SKT",NA,2023,2,3.87300084779111e-06,1,"Spring"
"1631","SKT",NA,2023,3,1.05004303807122e-05,2,"Spring"
"1632","SKT",NA,2023,4,0,0,"Spring"
"1633","SKT",NA,2023,5,0,0,"Spring"
"1634","STN","Grizzly Bay",2010,6,0.00293521907578945,6,"Summer"
"1635","STN","Grizzly Bay",2010,7,0.00325585303904816,23,"Summer"
"1636","STN","Grizzly Bay",2010,8,0.000217563241365006,1,"Summer"
"1637","STN","Grizzly Bay",2011,6,0.00916569676899248,44,"Summer"
"1638","STN","Grizzly Bay",2011,7,0.0475197163399248,209,"Summer"
"1639","STN","Grizzly Bay",2011,8,0.0032999947652995,20,"Summer"
"1640","STN","Grizzly Bay",2012,6,0,0,"Summer"
"1641","STN","Grizzly Bay",2012,7,0.000923014412461754,5,"Summer"
"1642","STN","Grizzly Bay",2012,8,0.000198515091787351,1,"Summer"
"1643","STN","Grizzly Bay",2013,6,0,0,"Summer"
"1644","STN","Grizzly Bay",2013,7,0.00129612737016876,6,"Summer"
"1645","STN","Grizzly Bay",2013,8,0.000796566293043338,4,"Summer"
"1646","STN","Grizzly Bay",2014,6,0,0,"Summer"
"1647","STN","Grizzly Bay",2014,7,0.00112249890645003,8,"Summer"
"1648","STN","Grizzly Bay",2014,8,0.000470595680303804,1,"Summer"
"1649","STN","Grizzly Bay",2015,6,0,0,"Summer"
"1650","STN","Grizzly Bay",2015,7,0.000247968432075289,2,"Summer"
"1651","STN","Grizzly Bay",2015,8,0,0,"Summer"
"1652","STN","Grizzly Bay",2016,6,0,0,"Summer"
"1653","STN","Grizzly Bay",2016,7,0,0,"Summer"
"1654","STN","Grizzly Bay",2016,8,0.000221534937133179,1,"Summer"
"1655","STN","Grizzly Bay",2017,6,0.00091965156019339,4,"Summer"
"1656","STN","Grizzly Bay",2017,7,0.00114504628521482,5,"Summer"
"1657","STN","Grizzly Bay",2017,8,0.00244999627963056,14,"Summer"
"1658","STN","Grizzly Bay",2018,6,0,0,"Summer"
"1659","STN","Grizzly Bay",2018,7,0,0,"Summer"
"1660","STN","Grizzly Bay",2018,8,0,0,"Summer"
"1661","STN","Grizzly Bay",2019,6,0,0,"Summer"
"1662","STN","Grizzly Bay",2019,7,0,0,"Summer"
"1663","STN","Grizzly Bay",2019,8,0,0,"Summer"
"1664","STN","Grizzly Bay",2020,6,0,0,"Summer"
"1665","STN","Grizzly Bay",2020,7,0,0,"Summer"
"1666","STN","Grizzly Bay",2020,8,0,0,"Summer"
"1667","STN","Grizzly Bay",2021,6,0,0,"Summer"
"1668","STN","Grizzly Bay",2021,7,0,0,"Summer"
"1669","STN","Grizzly Bay",2021,8,0,0,"Summer"
"1670","STN","Grizzly Bay",2022,6,0,0,"Summer"
"1671","STN","Grizzly Bay",2022,7,0,0,"Summer"
"1672","STN","Grizzly Bay",2022,8,0,0,"Summer"
"1673","STN","Grizzly Bay",2023,6,0,0,"Summer"
"1674","STN","Grizzly Bay",2023,7,0,0,"Summer"
"1675","STN","Grizzly Bay",2023,8,0,0,"Summer"
"1676","STN","River",2010,6,0.000267741964153961,4,"Summer"
"1677","STN","River",2010,7,0.000116658771182113,2,"Summer"
"1678","STN","River",2010,8,0.000129456746130696,3,"Summer"
"1679","STN","River",2011,6,0.000210394051505587,3,"Summer"
"1680","STN","River",2011,7,4.97124081427839e-05,1,"Summer"
"1681","STN","River",2011,8,0.00022668630765355,4,"Summer"
"1682","STN","River",2012,6,0.000350197532860733,8,"Summer"
"1683","STN","River",2012,7,0.00129352038127102,26,"Summer"
"1684","STN","River",2012,8,9.46091884864339e-05,2,"Summer"
"1685","STN","River",2013,6,0.000536073467539203,10,"Summer"
"1686","STN","River",2013,7,5.66378379342086e-05,1,"Summer"
"1687","STN","River",2013,8,5.33597399194641e-05,1,"Summer"
"1688","STN","River",2014,6,0.000716035781332037,23,"Summer"
"1689","STN","River",2014,7,0.000444263884668654,9,"Summer"
"1690","STN","River",2014,8,0.000754181516057842,7,"Summer"
"1691","STN","River",2015,6,3.39051605395775e-05,1,"Summer"
"1692","STN","River",2015,7,0,0,"Summer"
"1693","STN","River",2015,8,0,0,"Summer"
"1694","STN","River",2016,6,0,0,"Summer"
"1695","STN","River",2016,7,0,0,"Summer"
"1696","STN","River",2016,8,0,0,"Summer"
"1697","STN","River",2017,6,0,0,"Summer"
"1698","STN","River",2017,7,5.88016236453512e-05,1,"Summer"
"1699","STN","River",2017,8,0,0,"Summer"
"1700","STN","River",2018,6,0,0,"Summer"
"1701","STN","River",2018,7,0,0,"Summer"
"1702","STN","River",2018,8,0,0,"Summer"
"1703","STN","River",2019,6,0,0,"Summer"
"1704","STN","River",2019,7,0,0,"Summer"
"1705","STN","River",2019,8,0,0,"Summer"
"1706","STN","River",2020,6,0,0,"Summer"
"1707","STN","River",2020,7,0,0,"Summer"
"1708","STN","River",2020,8,0,0,"Summer"
"1709","STN","River",2021,6,0,0,"Summer"
"1710","STN","River",2021,7,0,0,"Summer"
"1711","STN","River",2021,8,0,0,"Summer"
"1712","STN","River",2022,6,0,0,"Summer"
"1713","STN","River",2022,7,0,0,"Summer"
"1714","STN","River",2022,8,0,0,"Summer"
"1715","STN","River",2023,6,0,0,"Summer"
"1716","STN","River",2023,7,0,0,"Summer"
"1717","STN","River",2023,8,0,0,"Summer"
"1718","STN","Suisun Bay",2010,6,0.00170909507266818,23,"Summer"
"1719","STN","Suisun Bay",2010,7,0.0037604760144746,50,"Summer"
"1720","STN","Suisun Bay",2010,8,0.00378509113581368,63,"Summer"
"1721","STN","Suisun Bay",2011,6,0.000366424982120648,6,"Summer"
"1722","STN","Suisun Bay",2011,7,0.000760738160509574,11,"Summer"
"1723","STN","Suisun Bay",2011,8,0.00174388659169201,26,"Summer"
"1724","STN","Suisun Bay",2012,6,0,0,"Summer"
"1725","STN","Suisun Bay",2012,7,0.000117408831705104,2,"Summer"
"1726","STN","Suisun Bay",2012,8,0.000181964259034745,3,"Summer"
"1727","STN","Suisun Bay",2013,6,6.7663261985351e-05,1,"Summer"
"1728","STN","Suisun Bay",2013,7,0.00260322275937639,45,"Summer"
"1729","STN","Suisun Bay",2013,8,0.000137097644822343,2,"Summer"
"1730","STN","Suisun Bay",2014,6,0,0,"Summer"
"1731","STN","Suisun Bay",2014,7,0,0,"Summer"
"1732","STN","Suisun Bay",2014,8,0,0,"Summer"
"1733","STN","Suisun Bay",2015,6,0,0,"Summer"
"1734","STN","Suisun Bay",2015,7,0,0,"Summer"
"1735","STN","Suisun Bay",2015,8,0,0,"Summer"
"1736","STN","Suisun Bay",2016,6,0,0,"Summer"
"1737","STN","Suisun Bay",2016,7,0,0,"Summer"
"1738","STN","Suisun Bay",2016,8,0,0,"Summer"
"1739","STN","Suisun Bay",2017,6,0,0,"Summer"
"1740","STN","Suisun Bay",2017,7,6.37210751853542e-05,1,"Summer"
"1741","STN","Suisun Bay",2017,8,6.41319477042293e-05,1,"Summer"
"1742","STN","Suisun Bay",2018,6,0,0,"Summer"
"1743","STN","Suisun Bay",2018,7,0,0,"Summer"
"1744","STN","Suisun Bay",2018,8,0,0,"Summer"
"1745","STN","Suisun Bay",2019,6,0,0,"Summer"
"1746","STN","Suisun Bay",2019,7,0,0,"Summer"
"1747","STN","Suisun Bay",2019,8,0,0,"Summer"
"1748","STN","Suisun Bay",2020,6,0,0,"Summer"
"1749","STN","Suisun Bay",2020,7,0,0,"Summer"
"1750","STN","Suisun Bay",2020,8,0,0,"Summer"
"1751","STN","Suisun Bay",2021,6,0,0,"Summer"
"1752","STN","Suisun Bay",2021,7,0,0,"Summer"
"1753","STN","Suisun Bay",2021,8,0,0,"Summer"
"1754","STN","Suisun Bay",2022,6,0,0,"Summer"
"1755","STN","Suisun Bay",2022,7,0,0,"Summer"
"1756","STN","Suisun Bay",2022,8,0,0,"Summer"
"1757","STN","Suisun Bay",2023,6,0,0,"Summer"
"1758","STN","Suisun Bay",2023,7,0,0,"Summer"
"1759","STN","Suisun Bay",2023,8,0,0,"Summer"
"1760","STN","Suisun Marsh",2010,6,0.000611520145670495,5,"Summer"
"1761","STN","Suisun Marsh",2010,7,0.000119149271409313,3,"Summer"
"1762","STN","Suisun Marsh",2010,8,0.000271809865566645,5,"Summer"
"1763","STN","Suisun Marsh",2011,6,0.00332147746563188,56,"Summer"
"1764","STN","Suisun Marsh",2011,7,0.00021751355099751,4,"Summer"
"1765","STN","Suisun Marsh",2011,8,0.000562789430349611,9,"Summer"
"1766","STN","Suisun Marsh",2012,6,0.000694749945515322,12,"Summer"
"1767","STN","Suisun Marsh",2012,7,0.000473460073544265,8,"Summer"
"1768","STN","Suisun Marsh",2012,8,6.06824314283869e-05,1,"Summer"
"1769","STN","Suisun Marsh",2013,6,0.00191916356822051,32,"Summer"
"1770","STN","Suisun Marsh",2013,7,0,0,"Summer"
"1771","STN","Suisun Marsh",2013,8,0,0,"Summer"
"1772","STN","Suisun Marsh",2014,6,0,0,"Summer"
"1773","STN","Suisun Marsh",2014,7,0,0,"Summer"
"1774","STN","Suisun Marsh",2014,8,0,0,"Summer"
"1775","STN","Suisun Marsh",2015,6,0,0,"Summer"
"1776","STN","Suisun Marsh",2015,7,0,0,"Summer"
"1777","STN","Suisun Marsh",2015,8,0,0,"Summer"
"1778","STN","Suisun Marsh",2016,6,5.48105124146756e-05,1,"Summer"
"1779","STN","Suisun Marsh",2016,7,0,0,"Summer"
"1780","STN","Suisun Marsh",2016,8,0,0,"Summer"
"1781","STN","Suisun Marsh",2017,6,0,0,"Summer"
"1782","STN","Suisun Marsh",2017,7,0,0,"Summer"
"1783","STN","Suisun Marsh",2017,8,0,0,"Summer"
"1784","STN","Suisun Marsh",2018,6,0,0,"Summer"
"1785","STN","Suisun Marsh",2018,7,0,0,"Summer"
"1786","STN","Suisun Marsh",2018,8,0,0,"Summer"
"1787","STN","Suisun Marsh",2019,6,0,0,"Summer"
"1788","STN","Suisun Marsh",2019,7,0,0,"Summer"
"1789","STN","Suisun Marsh",2019,8,0,0,"Summer"
"1790","STN","Suisun Marsh",2020,6,0,0,"Summer"
"1791","STN","Suisun Marsh",2020,7,0,0,"Summer"
"1792","STN","Suisun Marsh",2020,8,0,0,"Summer"
"1793","STN","Suisun Marsh",2021,6,0,0,"Summer"
"1794","STN","Suisun Marsh",2021,7,0,0,"Summer"
"1795","STN","Suisun Marsh",2021,8,0,0,"Summer"
"1796","STN","Suisun Marsh",2022,6,0,0,"Summer"
"1797","STN","Suisun Marsh",2022,7,0,0,"Summer"
"1798","STN","Suisun Marsh",2022,8,0,0,"Summer"
"1799","STN","Suisun Marsh",2023,6,0,0,"Summer"
"1800","STN","Suisun Marsh",2023,7,0,0,"Summer"
"1801","STN","Suisun Marsh",2023,8,6.16545196971693e-05,1,"Summer"
"1802","STN",NA,2010,6,0.000118203392362746,9,"Summer"
"1803","STN",NA,2010,7,2.31550806295512e-05,3,"Summer"
"1804","STN",NA,2010,8,0,0,"Summer"
"1805","STN",NA,2011,6,0.00225275255568786,238,"Summer"
"1806","STN",NA,2011,7,0.000979383726092198,100,"Summer"
"1807","STN",NA,2011,8,0.000537775330751188,54,"Summer"
"1808","STN",NA,2012,6,0.00103608948577447,118,"Summer"
"1809","STN",NA,2012,7,0.000387449899422139,45,"Summer"
"1810","STN",NA,2012,8,0.000152837493139052,18,"Summer"
"1811","STN",NA,2013,6,0.00038515583371049,45,"Summer"
"1812","STN",NA,2013,7,9.49409710365891e-05,11,"Summer"
"1813","STN",NA,2013,8,8.64241830516424e-05,10,"Summer"
"1814","STN",NA,2014,6,0.000124640445571434,20,"Summer"
"1815","STN",NA,2014,7,1.83230110780415e-05,3,"Summer"
"1816","STN",NA,2014,8,1.33208236629166e-05,1,"Summer"
"1817","STN",NA,2015,6,4.52461708189965e-05,9,"Summer"
"1818","STN",NA,2015,7,6.4442397224796e-05,10,"Summer"
"1819","STN",NA,2015,8,1.54419505725038e-05,1,"Summer"
"1820","STN",NA,2016,6,2.77717336076785e-05,4,"Summer"
"1821","STN",NA,2016,7,0,0,"Summer"
"1822","STN",NA,2016,8,0,0,"Summer"
"1823","STN",NA,2017,6,2.32100182822186e-05,3,"Summer"
"1824","STN",NA,2017,7,2.97666778733507e-05,4,"Summer"
"1825","STN",NA,2017,8,0,0,"Summer"
"1826","STN",NA,2018,6,1.52436479792599e-05,2,"Summer"
"1827","STN",NA,2018,7,7.91864505105184e-06,1,"Summer"
"1828","STN",NA,2018,8,0,0,"Summer"
"1829","STN",NA,2019,6,7.65975836801278e-06,1,"Summer"
"1830","STN",NA,2019,7,0,0,"Summer"
"1831","STN",NA,2019,8,0,0,"Summer"
"1832","STN",NA,2020,6,0,0,"Summer"
"1833","STN",NA,2020,7,0,0,"Summer"
"1834","STN",NA,2020,8,0,0,"Summer"
"1835","STN",NA,2021,6,0,0,"Summer"
"1836","STN",NA,2021,7,0,0,"Summer"
"1837","STN",NA,2021,8,0,0,"Summer"
"1838","STN",NA,2022,6,0,0,"Summer"
"1839","STN",NA,2022,7,0,0,"Summer"
"1840","STN",NA,2022,8,0,0,"Summer"
"1841","STN",NA,2023,6,0,0,"Summer"
"1842","STN",NA,2023,7,0,0,"Summer"
"1843","STN",NA,2023,8,0,0,"Summer"
